recipe,standard_median_solve_ns,accelerated_median_solve_ns,standard_oracle_calls,accelerated_oracle_calls,standard_max_flow_calls,accelerated_max_flow_calls,standard_peak_integer_bits,accelerated_peak_integer_bits
bits-bipartite-n04-b00001-qflat-fdegree,5807875,3914958,6,5,168,112,8,8
bits-bipartite-n04-b00001-qflat-funit,20434625,13633042,12,8,579,386,8,8
bits-bipartite-n04-b00001-qramp-fdegree,5814042,3931125,6,5,168,112,8,8
bits-bipartite-n04-b00001-qramp-funit,20507584,13661958,12,8,579,386,8,8
bits-bipartite-n04-b00008-qflat-fdegree,6089250,4137459,6,5,168,112,22,21
bits-bipartite-n04-b00008-qflat-funit,21429375,15612958,12,9,579,407,22,21
bits-bipartite-n04-b00008-qramp-fdegree,11778958,7982875,8,6,324,216,21,20
bits-bipartite-n04-b00008-qramp-funit,20773167,18342292,12,10,543,475,20,20
bits-bipartite-n04-b00064-qflat-fdegree,6163041,4214666,6,5,168,112,134,133
bits-bipartite-n04-b00064-qflat-funit,21845208,15937375,12,9,579,407,134,133
bits-bipartite-n04-b00064-qramp-fdegree,11997958,8107500,8,6,324,216,133,132
bits-bipartite-n04-b00064-qramp-funit,20936042,18267583,12,10,543,475,132,132
bits-bipartite-n04-b00256-qflat-fdegree,6285667,4261833,6,5,168,112,518,517
bits-bipartite-n04-b00256-qflat-funit,22191333,16162833,12,9,579,407,518,517
bits-bipartite-n04-b00256-qramp-fdegree,12157875,8196333,8,6,324,216,517,516
bits-bipartite-n04-b00256-qramp-funit,21054459,18579083,12,10,543,475,516,516
bits-bipartite-n04-b04096-qflat-fdegree,7667625,5031333,6,5,168,112,8198,8197
bits-bipartite-n04-b04096-qflat-funit,25719125,18349500,12,9,579,407,8198,8197
bits-bipartite-n04-b04096-qramp-fdegree,13945667,9227250,8,6,324,216,8197,8196
bits-bipartite-n04-b04096-qramp-funit,23686916,21087292,12,10,543,475,8196,8196
bits-bipartite-n04-b16384-qflat-fdegree,16725500,9794875,6,5,168,112,32774,32773
bits-bipartite-n04-b16384-qflat-funit,47900250,31602833,12,9,579,407,32774,32773
bits-bipartite-n04-b16384-qramp-fdegree,19933833,12558417,8,6,324,216,32773,32772
bits-bipartite-n04-b16384-qramp-funit,32221125,29329667,12,10,543,475,32772,32772
bits-complete-n04-b00001-qflat-fdegree,16067583,10766625,8,6,408,272,8,8
bits-complete-n04-b00001-qflat-funit,28081459,24578667,10,8,756,660,8,8
bits-complete-n04-b00001-qramp-fdegree,15990417,10721958,8,6,408,272,8,8
bits-complete-n04-b00001-qramp-funit,27913834,24430042,10,8,756,660,8,8
bits-complete-n04-b00008-qflat-fdegree,16159917,10886959,8,6,408,272,24,22
bits-complete-n04-b00008-qflat-funit,28544000,24957666,10,8,756,660,23,22
bits-complete-n04-b00008-qramp-fdegree,16234875,10917917,8,6,408,272,22,20
bits-complete-n04-b00008-qramp-funit,28800208,25165959,10,8,756,660,21,20
bits-complete-n04-b00064-qflat-fdegree,16390875,11028459,8,6,408,272,136,134
bits-complete-n04-b00064-qflat-funit,28920958,25346750,10,8,756,660,135,134
bits-complete-n04-b00064-qramp-fdegree,16443625,11053334,8,6,408,272,134,132
bits-complete-n04-b00064-qramp-funit,29189083,25481250,10,8,756,660,133,132
bits-complete-n04-b00256-qflat-fdegree,16789500,11281834,8,6,408,272,520,518
bits-complete-n04-b00256-qflat-funit,29737709,26056458,10,8,756,660,519,518
bits-complete-n04-b00256-qramp-fdegree,16807583,11297708,8,6,408,272,518,516
bits-complete-n04-b00256-qramp-funit,29862625,26103792,10,8,756,660,517,516
bits-complete-n04-b04096-qflat-fdegree,19925083,12990292,8,6,408,272,8200,8198
bits-complete-n04-b04096-qflat-funit,34492875,30571291,10,8,756,660,8199,8198
bits-complete-n04-b04096-qramp-fdegree,19504500,12814542,8,6,408,272,8198,8196
bits-complete-n04-b04096-qramp-funit,33910333,29865083,10,8,756,660,8197,8196
bits-complete-n04-b16384-qflat-fdegree,37174417,21293042,8,6,408,272,32776,32774
bits-complete-n04-b16384-qflat-funit,63152083,58597500,10,8,756,660,32775,32774
bits-complete-n04-b16384-qramp-fdegree,27897458,17494875,8,6,408,272,32774,32772
bits-complete-n04-b16384-qramp-funit,46264250,41697000,10,8,756,660,32773,32772
bits-cycle-n04-b00001-qflat-fdegree,5895125,3954584,6,5,168,112,8,8
bits-cycle-n04-b00001-qflat-funit,20523084,13734041,12,8,579,386,8,8
bits-cycle-n04-b00001-qramp-fdegree,5835708,3938125,6,5,168,112,8,8
bits-cycle-n04-b00001-qramp-funit,20487250,13668708,12,8,579,386,8,8
bits-cycle-n04-b00008-qflat-fdegree,6103708,4160875,6,5,168,112,22,21
bits-cycle-n04-b00008-qflat-funit,21529708,15644375,12,9,579,407,22,21
bits-cycle-n04-b00008-qramp-fdegree,11838584,7999250,8,6,324,216,21,20
bits-cycle-n04-b00008-qramp-funit,20476625,18074500,12,10,543,475,20,20
bits-cycle-n04-b00064-qflat-fdegree,6174708,4196917,6,5,168,112,134,133
bits-cycle-n04-b00064-qflat-funit,21794625,15893042,12,9,579,407,134,133
bits-cycle-n04-b00064-qramp-fdegree,11945250,8066834,8,6,324,216,133,132
bits-cycle-n04-b00064-qramp-funit,20805583,18333000,12,10,543,475,132,132
bits-cycle-n04-b00256-qflat-fdegree,6303416,4284541,6,5,168,112,518,517
bits-cycle-n04-b00256-qflat-funit,22241500,16193834,12,9,579,407,518,517
bits-cycle-n04-b00256-qramp-fdegree,12255042,8245792,8,6,324,216,517,516
bits-cycle-n04-b00256-qramp-funit,21171875,18681792,12,10,543,475,516,516
bits-cycle-n04-b04096-qflat-fdegree,7772000,5090458,6,5,168,112,8198,8197
bits-cycle-n04-b04096-qflat-funit,25917583,18489500,12,9,579,407,8198,8197
bits-cycle-n04-b04096-qramp-fdegree,14065875,9294875,8,6,324,216,8197,8196
bits-cycle-n04-b04096-qramp-funit,23892084,21245416,12,10,543,475,8196,8196
bits-cycle-n04-b16384-qflat-fdegree,17658208,10279041,6,5,168,112,32774,32773
bits-cycle-n04-b16384-qflat-funit,48131125,31721084,12,9,579,407,32774,32773
bits-cycle-n04-b16384-qramp-fdegree,20018542,12620042,8,6,324,216,32773,32772
bits-cycle-n04-b16384-qramp-funit,32343250,29346125,12,10,543,475,32772,32772
bits-matching-n04-b00001-qflat-fdegree,3794125,2621750,8,6,120,80,8,8
bits-matching-n04-b00001-qflat-funit,3807167,2620667,8,6,120,80,8,8
bits-matching-n04-b00001-qramp-fdegree,3797708,2622125,8,6,120,80,8,8
bits-matching-n04-b00001-qramp-funit,3796875,2610875,8,6,120,80,8,8
bits-matching-n04-b00008-qflat-fdegree,7739416,5220250,8,6,240,160,20,19
bits-matching-n04-b00008-qflat-funit,8835292,7633875,10,8,276,236,19,19
bits-matching-n04-b00008-qramp-fdegree,6431416,4333250,8,6,198,132,19,18
bits-matching-n04-b00008-qramp-funit,9141709,7857959,12,10,261,221,17,17
bits-matching-n04-b00064-qflat-fdegree,7810459,5239666,8,6,240,160,132,131
bits-matching-n04-b00064-qflat-funit,8978666,7768292,10,8,276,236,131,131
bits-matching-n04-b00064-qramp-fdegree,6502792,4384625,8,6,198,132,131,130
bits-matching-n04-b00064-qramp-funit,9250292,7955417,12,10,261,221,129,129
bits-matching-n04-b00256-qflat-fdegree,7943125,5336250,8,6,240,160,516,515
bits-matching-n04-b00256-qflat-funit,9139834,7899542,10,8,276,236,515,515
bits-matching-n04-b00256-qramp-fdegree,6610875,4442417,8,6,198,132,515,514
bits-matching-n04-b00256-qramp-funit,9402584,8082583,12,10,261,221,513,513
bits-matching-n04-b04096-qflat-fdegree,9374542,6025500,8,6,240,160,8196,8195
bits-matching-n04-b04096-qflat-funit,10450917,9139208,10,8,276,236,8195,8195
bits-matching-n04-b04096-qramp-fdegree,7771333,5099500,8,6,198,132,8195,8194
bits-matching-n04-b04096-qramp-funit,10510667,9154083,12,10,261,221,8193,8193
bits-matching-n04-b16384-qflat-fdegree,19387250,10693583,8,6,240,160,32772,32771
bits-matching-n04-b16384-qflat-funit,16311458,14916583,10,8,276,236,32771,32771
bits-matching-n04-b16384-qramp-fdegree,11573042,7185583,8,6,198,132,32771,32770
bits-matching-n04-b16384-qramp-funit,13660083,12212750,12,10,261,221,32769,32769
bits-path-n04-b00001-qflat-fdegree,6805833,4639500,8,6,204,136,8,8
bits-path-n04-b00001-qflat-funit,10031625,6745833,12,8,285,190,8,8
bits-path-n04-b00001-qramp-fdegree,6798292,4622333,8,6,204,136,8,8
bits-path-n04-b00001-qramp-funit,10004000,6758292,12,8,285,190,8,8
bits-path-n04-b00008-qflat-fdegree,9641375,6488667,8,6,282,188,22,21
bits-path-n04-b00008-qflat-funit,14155041,10474375,13,9,384,288,21,21
bits-path-n04-b00008-qramp-fdegree,10105334,7385083,9,7,292,212,20,19
bits-path-n04-b00008-qramp-funit,15788958,13988833,12,10,441,387,19,19
bits-path-n04-b00064-qflat-fdegree,9772250,6570125,8,6,282,188,134,133
bits-path-n04-b00064-qflat-funit,14363000,10614292,13,9,384,288,133,133
bits-path-n04-b00064-qramp-fdegree,10198042,7462750,9,7,292,212,132,131
bits-path-n04-b00064-qramp-funit,15942042,14128708,12,10,441,387,131,131
bits-path-n04-b00256-qflat-fdegree,9904875,6682458,8,6,282,188,518,517
bits-path-n04-b00256-qflat-funit,14607000,10803083,13,9,384,288,517,517
bits-path-n04-b00256-qramp-fdegree,10393583,7591250,9,7,292,212,516,515
bits-path-n04-b00256-qramp-funit,16273250,14397750,12,10,441,387,515,515
bits-path-n04-b04096-qflat-fdegree,11819416,7680333,8,6,282,188,8198,8197
bits-path-n04-b04096-qflat-funit,16623458,12296292,13,9,384,288,8197,8197
bits-path-n04-b04096-qramp-fdegree,12091292,8674000,9,7,292,212,8196,8195
bits-path-n04-b04096-qramp-funit,18234750,16363250,12,10,441,387,8195,8195
bits-path-n04-b16384-qflat-fdegree,22953084,12985834,8,6,282,188,32774,32773
bits-path-n04-b16384-qflat-funit,25863458,19081125,13,9,384,288,32773,32773
bits-path-n04-b16384-qramp-fdegree,17026042,11782834,9,7,292,212,32772,32771
bits-path-n04-b16384-qramp-funit,24094542,21931916,12,10,441,387,32771,32771
edge-q01-f01-01,32541,31959,0,0,0,0,2,2
edge-q02-f01-01,751458,557042,6,5,21,14,6,6
edge-q02-f01-02,1258417,906125,10,7,33,22,6,6
edge-q02-f02-01,1263875,907625,10,7,33,22,6,6
edge-q02-f02-02,476708,375875,6,5,6,4,6,6
edge-q03-f01-01,500542,396209,6,5,6,4,6,6
edge-q03-f01-02,1485000,1061625,12,8,36,24,6,6
edge-q03-f01-03,628916,486667,8,6,12,8,6,6
edge-q03-f02-01,1486708,1056583,12,8,36,24,6,6
edge-q03-f02-02,1081792,783584,8,6,27,18,6,6
edge-q03-f02-03,1475625,1059750,10,7,42,28,6,6
edge-q03-f03-01,632375,485833,8,6,12,8,6,6
edge-q03-f03-02,1471541,1063333,10,7,42,28,6,6
edge-q03-f03-03,624208,475291,6,5,18,12,6,6
edge-q04-f01-01,767417,572250,6,5,21,14,6,6
edge-q04-f01-02,1481667,1053625,12,8,36,24,6,6
edge-q04-f01-03,1047167,765541,8,6,30,20,6,6
edge-q04-f01-04,1267583,917625,10,7,33,22,6,6
edge-q04-f02-01,1485875,1056959,12,8,36,24,6,6
edge-q04-f02-02,824917,617042,8,6,12,8,6,6
edge-q04-f02-03,1689208,1210375,12,8,45,30,6,6
edge-q04-f02-04,684458,521792,8,6,9,6,6,6
edge-q04-f03-01,1053667,766208,8,6,30,20,6,6
edge-q04-f03-02,1693750,1213250,12,8,45,30,6,6
edge-q04-f03-03,1230875,880625,8,6,39,26,6,6
edge-q04-f03-04,1480291,1068041,10,7,42,28,6,6
edge-q04-f04-01,1273792,912875,10,7,33,22,6,6
edge-q04-f04-02,790708,629417,9,7,11,8,6,6
edge-q04-f04-03,1480708,1061958,10,7,42,28,6,6
edge-q04-f04-04,477750,375125,6,5,6,4,6,6
edge-q05-f01-01,502667,395958,6,5,6,4,6,6
edge-q05-f01-02,1477917,1054042,12,8,36,24,7,6
edge-q05-f01-03,778291,585375,8,6,15,10,6,6
edge-q05-f01-04,1487458,1057958,12,8,36,24,7,7
edge-q05-f01-05,627500,487208,8,6,12,8,7,7
edge-q05-f02-01,1480542,1060375,12,8,36,24,7,6
edge-q05-f02-02,1104458,797709,8,6,27,18,6,6
edge-q05-f02-03,1692625,1211250,12,8,45,30,6,6
edge-q05-f02-04,1105791,796750,8,6,27,18,6,6
edge-q05-f02-05,1470917,1060625,10,7,42,28,7,6
edge-q05-f03-01,775500,587833,8,6,15,10,6,6
edge-q05-f03-02,1692667,1211959,12,8,45,30,6,6
edge-q05-f03-03,976833,717042,8,6,24,16,6,6
edge-q05-f03-04,1694583,1207583,12,8,45,30,7,7
edge-q05-f03-05,831083,616458,8,6,21,14,6,6
edge-q05-f04-01,1486375,1062834,12,8,36,24,7,7
edge-q05-f04-02,1219125,907542,9,7,29,20,7,7
edge-q05-f04-03,1692042,1214084,12,8,45,30,7,7
edge-q05-f04-04,1083042,783416,8,6,27,18,7,7
edge-q05-f04-05,1475833,1061833,10,7,42,28,7,7
edge-q05-f05-01,628625,483916,8,6,12,8,7,7
edge-q05-f05-02,1478417,1061000,10,7,42,28,7,6
edge-q05-f05-03,830500,621459,8,6,21,14,7,7
edge-q05-f05-04,1474584,1065750,10,7,42,28,7,7
edge-q05-f05-05,625083,472666,6,5,18,12,7,6
seeded-n04-b00001-falternating-s01,19659792,13132959,12,8,507,338,8,8
seeded-n04-b00001-falternating-s73,16139500,10751375,12,8,429,286,8,8
seeded-n04-b00001-fhalf-s01,27636208,18480458,12,8,741,494,8,8
seeded-n04-b00001-fhalf-s73,20575458,13709917,12,8,579,386,8,8
seeded-n04-b00008-falternating-s01,21579583,14501750,14,9,520,356,20,20
seeded-n04-b00008-falternating-s73,17629750,10941375,12,8,480,294,21,20
seeded-n04-b00008-fhalf-s01,21770042,19267625,10,9,558,488,20,20
seeded-n04-b00008-fhalf-s73,24800917,21402000,12,10,657,563,21,21
seeded-n04-b00064-falternating-s01,21880708,14722958,14,9,520,356,132,132
seeded-n04-b00064-falternating-s73,17858958,11045334,12,8,480,294,132,131
seeded-n04-b00064-fhalf-s01,21979000,19452833,10,9,558,488,132,132
seeded-n04-b00064-fhalf-s73,25063083,21631500,12,10,657,563,132,132
seeded-n06-b00001-falternating-s01,242706125,189651500,14,12,3970,3034,10,11
seeded-n06-b00001-falternating-s73,274727791,214306209,14,12,4372,3316,10,12
seeded-n06-b00001-fhalf-s01,336714666,297944459,12,9,6108,5532,10,10
seeded-n06-b00001-fhalf-s73,345843708,315638833,10,9,6099,5637,10,10
seeded-n06-b00008-falternating-s01,339222458,253769959,16,13,5553,3997,22,31
seeded-n06-b00008-falternating-s73,285528667,246241459,14,12,4372,3804,24,24
seeded-n06-b00008-fhalf-s01,360485250,321146791,12,10,6327,5721,22,22
seeded-n06-b00008-fhalf-s73,407568166,363082542,12,10,6891,6243,24,24
seeded-n06-b00064-falternating-s01,345623834,258226625,16,13,5553,3997,134,199
seeded-n06-b00064-falternating-s73,289538291,249409000,14,12,4372,3804,134,134
seeded-n06-b00064-fhalf-s01,364867292,324608375,12,10,6327,5721,134,134
seeded-n06-b00064-fhalf-s73,410868375,365663667,12,10,6891,6243,135,135
seeded-n08-b00001-falternating-s01,1266558500,762500792,16,10,14416,8678,12,12
seeded-n08-b00001-falternating-s73,822269250,566151292,14,10,10963,7684,12,12
seeded-n08-b00001-fhalf-s01,1963682416,1796879042,14,10,23479,21902,12,12
seeded-n08-b00001-fhalf-s73,1552428625,866465417,15,10,22739,12914,12,12
seeded-n08-b00008-falternating-s01,1689154625,1265742125,16,12,18232,13674,23,23
seeded-n08-b00008-falternating-s73,881565250,726393792,17,14,10644,8524,23,34
seeded-n08-b00008-fhalf-s01,1910225667,1751776125,12,10,22803,21229,23,23
seeded-n08-b00008-fhalf-s73,1192632458,1090130917,12,10,16275,15045,23,23
seeded-n08-b00064-falternating-s01,1704103875,1277030375,16,12,18232,13674,135,135
seeded-n08-b00064-falternating-s73,892426334,734807958,17,14,10644,8524,134,200
seeded-n08-b00064-fhalf-s01,1941644250,1781919875,12,10,22803,21229,135,135
seeded-n08-b00064-fhalf-s73,1204629167,1095643708,12,10,16275,15045,134,134
struct-bipartite-n04-b00001-fdegree,5868917,3943875,6,5,168,112,8,8
struct-bipartite-n04-b00001-fhalf,20527375,13703125,12,8,579,386,8,8
struct-bipartite-n04-b00001-fnear,20501375,13684916,12,8,579,386,8,8
struct-bipartite-n04-b00001-funit,20501417,13698500,12,8,579,386,8,8
struct-bipartite-n04-b00008-fdegree,6095583,4158000,6,5,168,112,22,21
struct-bipartite-n04-b00008-fhalf,25902125,18554250,12,9,699,487,21,21
struct-bipartite-n04-b00008-fnear,25784833,17245208,12,8,699,466,22,21
struct-bipartite-n04-b00008-funit,21528333,15664375,12,9,579,407,22,21
struct-bipartite-n06-b00001-fdegree,108392458,72844417,8,6,1692,1128,10,10
struct-bipartite-n06-b00001-fhalf,271384417,245704417,10,8,5205,4784,10,10
struct-bipartite-n06-b00001-fnear,270808292,243980250,10,8,5205,4784,10,10
struct-bipartite-n06-b00001-funit,293443292,260740459,10,8,5856,5218,10,10
struct-bipartite-n06-b00008-fdegree,108678875,73265750,8,6,1692,1128,25,24
struct-bipartite-n06-b00008-fhalf,305408000,270160208,10,8,5634,5070,24,24
struct-bipartite-n06-b00008-fnear,273931167,249099750,10,8,5205,4784,25,24
struct-bipartite-n06-b00008-funit,303497333,270460541,10,8,5856,5218,23,23
struct-bipartite-n08-b00001-fdegree,461921417,313422333,6,5,4128,2752,12,12
struct-bipartite-n08-b00001-fhalf,2332434834,2193569542,8,7,26112,24736,12,12
struct-bipartite-n08-b00001-fnear,2515409625,2229669250,12,9,27699,25794,12,12
struct-bipartite-n08-b00001-funit,2747853458,2475745875,12,10,31539,28427,12,12
struct-bipartite-n08-b00008-fdegree,467784333,320379042,6,5,4128,2752,26,26
struct-bipartite-n08-b00008-fhalf,2382370167,2233577167,8,7,26112,24736,25,25
struct-bipartite-n08-b00008-fnear,2535143083,2327880291,12,9,27699,25794,26,26
struct-bipartite-n08-b00008-funit,2915007125,2655970209,12,10,31539,28427,25,24
struct-complete-n04-b00001-fdegree,15873542,10649083,8,6,408,272,8,8
struct-complete-n04-b00001-fhalf,29928916,19915875,10,7,783,522,8,8
struct-complete-n04-b00001-fnear,29873583,19908583,10,7,783,522,8,8
struct-complete-n04-b00001-funit,27844042,24318334,10,8,756,660,8,8
struct-complete-n04-b00008-fdegree,16140708,10880750,8,6,408,272,24,22
struct-complete-n04-b00008-fhalf,33431042,28182250,10,8,876,740,22,22
struct-complete-n04-b00008-fnear,30626334,20433208,10,7,783,522,24,22
struct-complete-n04-b00008-funit,28379833,24886500,10,8,756,660,23,22
struct-complete-n06-b00001-fdegree,189209500,125932625,8,6,2448,1632,10,10
struct-complete-n06-b00001-fhalf,559107209,493223167,10,8,9018,8202,10,10
struct-complete-n06-b00001-fnear,524770000,473108250,10,8,8589,7916,10,10
struct-complete-n06-b00001-funit,547160792,489954958,10,8,9240,8350,10,10
struct-complete-n06-b00008-fdegree,190079084,126804333,8,6,2448,1632,26,25
struct-complete-n06-b00008-fhalf,532039792,485419958,10,9,8589,7959,26,26
struct-complete-n06-b00008-fnear,531996417,480038416,10,8,8589,7916,26,25
struct-complete-n06-b00008-funit,559887000,501916083,10,8,9240,8350,25,24
struct-complete-n08-b00001-fdegree,1284715084,852121333,8,6,8592,5728,12,12
struct-complete-n08-b00001-fhalf,5125551000,4783287792,10,9,45915,43507,12,12
struct-complete-n08-b00001-fnear,5128796292,4793548000,10,8,45915,43434,12,12
struct-complete-n08-b00001-funit,5602643458,5094828333,10,8,50904,46760,12,12
struct-complete-n08-b00008-fdegree,1286239208,860033750,8,6,8592,5728,28,27
struct-complete-n08-b00008-fhalf,5401232458,4970939666,10,8,47064,44200,27,27
struct-complete-n08-b00008-fnear,5188784375,4793368875,10,8,45915,43434,28,27
struct-complete-n08-b00008-funit,5797732583,5250888375,10,8,50904,46760,26,26
struct-cycle-n04-b00001-fdegree,5791667,3895750,6,5,168,112,8,8
struct-cycle-n04-b00001-fhalf,20393375,13608167,12,8,579,386,8,8
struct-cycle-n04-b00001-fnear,20371541,13619541,12,8,579,386,8,8
struct-cycle-n04-b00001-funit,20367833,13639584,12,8,579,386,8,8
struct-cycle-n04-b00008-fdegree,6092292,4143500,6,5,168,112,22,21
struct-cycle-n04-b00008-fhalf,25857666,18480583,12,9,699,487,21,21
struct-cycle-n04-b00008-fnear,25698500,17212166,12,8,699,466,22,21
struct-cycle-n04-b00008-funit,21462416,15615000,12,9,579,407,22,21
struct-cycle-n06-b00001-fdegree,38398750,25192958,6,5,756,504,10,10
struct-cycle-n06-b00001-fhalf,185537959,123758292,12,8,4293,2862,10,10
struct-cycle-n06-b00001-fnear,186627708,124187417,12,8,4293,2862,10,10
struct-cycle-n06-b00001-funit,186235584,124019458,12,8,4293,2862,10,10
struct-cycle-n06-b00008-fdegree,41295583,27866292,6,5,756,504,24,23
struct-cycle-n06-b00008-fhalf,201412542,178551458,12,10,4071,3633,23,23
struct-cycle-n06-b00008-fnear,200719458,174133208,12,9,4071,3590,24,23
struct-cycle-n06-b00008-funit,198467625,176988208,12,10,4293,3781,23,22
struct-cycle-n08-b00001-fdegree,150893083,98080625,6,5,2064,1376,12,12
struct-cycle-n08-b00001-fhalf,1124646125,745127916,12,8,18483,12322,12,12
struct-cycle-n08-b00001-fnear,1118318250,740784708,12,8,18483,12322,12,12
struct-cycle-n08-b00001-funit,1120415833,740475209,12,8,18483,12322,12,12
struct-cycle-n08-b00008-fdegree,170642292,117032500,6,5,2064,1376,24,24
struct-cycle-n08-b00008-fhalf,1027404375,956392416,12,10,14643,13499,23,23
struct-cycle-n08-b00008-fnear,1025467042,944954417,12,9,14643,13426,24,24
struct-cycle-n08-b00008-funit,1245087375,1107132875,12,10,18483,16059,23,22
struct-matching-n04-b00001-fdegree,3757125,2588458,8,6,120,80,8,8
struct-matching-n04-b00001-fhalf,3765875,2601042,8,6,120,80,8,8
struct-matching-n04-b00001-fnear,3768375,2591250,8,6,120,80,8,8
struct-matching-n04-b00001-funit,3753250,2585458,8,6,120,80,8,8
struct-matching-n04-b00008-fdegree,7678708,5156417,8,6,240,160,20,19
struct-matching-n04-b00008-fhalf,10317167,7807167,10,8,303,223,20,20
struct-matching-n04-b00008-fnear,10174292,6806542,10,7,303,202,20,19
struct-matching-n04-b00008-funit,8864208,7651708,10,8,276,236,19,19
struct-matching-n06-b00001-fdegree,39724667,26780375,8,6,1158,772,10,10
struct-matching-n06-b00001-fhalf,39666833,26741500,8,6,1158,772,10,10
struct-matching-n06-b00001-fnear,39661708,26724459,8,6,1158,772,10,10
struct-matching-n06-b00001-funit,39787041,26769209,8,6,1158,772,10,10
struct-matching-n06-b00008-fdegree,42394209,28171333,8,6,936,624,22,21
struct-matching-n06-b00008-fhalf,72168542,66482208,10,9,1821,1695,21,21
struct-matching-n06-b00008-fnear,71780833,63748583,10,8,1821,1652,22,21
struct-matching-n06-b00008-funit,90024416,76523750,10,8,2472,2086,20,20
struct-matching-n08-b00001-fdegree,288573083,193155125,8,6,6240,4160,12,12
struct-matching-n08-b00001-fhalf,288978833,193136833,8,6,6240,4160,12,12
struct-matching-n08-b00001-fnear,288392042,192816250,8,6,6240,4160,12,12
struct-matching-n08-b00001-funit,288045583,192365041,8,6,6240,4160,12,12
struct-matching-n08-b00008-fdegree,147751750,97974666,8,6,2400,1600,22,22
struct-matching-n08-b00008-fhalf,354987167,331066000,10,9,6747,6403,22,22
struct-matching-n08-b00008-fnear,350415417,324527250,10,8,6747,6330,22,22
struct-matching-n08-b00008-funit,570926375,472949167,10,8,11736,9656,20,20
struct-path-n04-b00001-fdegree,6740375,4578709,8,6,204,136,8,8
struct-path-n04-b00001-fhalf,9930792,6712250,12,8,285,190,8,8
struct-path-n04-b00001-fnear,9977958,6733708,12,8,285,190,8,8
struct-path-n04-b00001-funit,9970584,6721917,12,8,285,190,8,8
struct-path-n04-b00008-fdegree,9556625,6461750,8,6,282,188,22,21
struct-path-n04-b00008-fhalf,20409167,15235583,13,10,589,431,20,20
struct-path-n04-b00008-fnear,20426041,14287542,13,9,589,410,22,21
struct-path-n04-b00008-funit,14044416,10424125,13,9,384,288,21,21
struct-path-n06-b00001-fdegree,49153834,32456042,8,6,1002,668,10,10
struct-path-n06-b00001-fhalf,123175583,81990875,12,8,2979,1986,10,10
struct-path-n06-b00001-fnear,123230291,82073375,12,8,2979,1986,10,10
struct-path-n06-b00001-funit,123136667,82015166,12,8,2979,1986,10,10
struct-path-n06-b00008-fdegree,62190959,41916042,8,6,1188,792,23,23
struct-path-n06-b00008-fhalf,162558125,153078292,12,11,3507,3297,22,22
struct-path-n06-b00008-fnear,205457917,120445250,14,9,4423,2524,23,23
struct-path-n06-b00008-funit,167245292,143168417,13,10,3772,3259,22,22
struct-path-n08-b00001-fdegree,199429875,130386375,8,6,2832,1888,12,12
struct-path-n08-b00001-fhalf,829846334,550940625,12,8,14361,9574,12,12
struct-path-n08-b00001-fnear,834462458,547228000,12,8,14361,9574,12,12
struct-path-n08-b00001-funit,825615000,548754458,12,8,14361,9574,12,12
struct-path-n08-b00008-fdegree,245004834,166692958,8,6,3174,2116,24,24
struct-path-n08-b00008-fhalf,849668000,820915416,12,11,13011,12409,23,23
struct-path-n08-b00008-fnear,1112800750,622304000,14,9,16673,9130,24,24
struct-path-n08-b00008-funit,1079285792,921780958,13,10,16924,14513,22,22
tri-q0-1-1-f1-1-1,2886417,1991334,10,7,78,52,7,7
tri-q0-1-1-f1-1-2,1937542,1372625,8,6,57,38,7,7
tri-q0-1-2-f1-1-1,3597292,2916833,12,9,96,77,7,7
tri-q0-1-2-f1-1-2,3849416,2673875,12,8,108,72,7,7
tri-q0-1-2-f1-1-3,3311333,2292541,10,7,96,64,7,7
tri-q0-1-2-f1-2-1,2132125,1513709,10,7,57,38,7,7
tri-q0-1-2-f1-2-2,3654417,2546875,10,7,108,72,7,7
tri-q0-1-2-f1-2-3,1988875,1413542,8,6,60,40,7,7
tri-q0-2-1-f1-1-1,3613542,2932542,12,9,96,77,7,7
tri-q0-2-1-f1-1-2,3836458,2672250,12,8,108,72,7,7
tri-q0-2-1-f1-1-3,3323166,2297500,10,7,96,64,7,7
tri-q0-2-1-f2-1-1,2136500,1505417,10,7,57,38,7,7
tri-q0-2-1-f2-1-2,3655375,2542083,10,7,108,72,7,7
tri-q0-2-1-f2-1-3,1992375,1412125,8,6,60,40,7,7
tri-q0-2-2-f1-1-1,4781833,3703084,12,9,126,97,7,7
tri-q0-2-2-f1-1-2,4836959,3307416,12,8,138,92,7,7
tri-q0-2-2-f1-1-3,5142583,3502833,12,8,144,96,7,7
tri-q0-2-2-f1-1-4,4221125,2897417,12,8,120,80,7,7
tri-q0-2-2-f1-2-1,3379333,2334834,12,8,90,60,7,7
tri-q0-2-2-f1-2-2,4331000,2969542,12,8,126,84,7,7
tri-q0-2-2-f1-2-3,3821500,2642292,12,8,111,74,7,7
tri-q0-2-2-f1-2-4,3629000,2524042,10,7,108,72,7,7
tri-q0-2-2-f2-1-1,3371459,2333666,12,8,90,60,7,7
tri-q0-2-2-f2-1-2,5436959,6027459,12,8,126,84,7,7
tri-q0-2-2-f2-1-3,3838125,2628500,12,8,111,74,7,7
tri-q0-2-2-f2-1-4,3619750,2517166,10,7,108,72,7,7
tri-q0-2-2-f2-2-1,3465917,2371625,10,7,99,66,7,7
tri-q0-2-2-f2-2-2,2008791,1415541,8,6,54,36,7,7
tri-q0-2-2-f2-2-3,3958208,2749042,10,7,120,80,7,7
tri-q0-2-2-f2-2-4,1334334,947542,6,5,36,24,7,7
tri-q1-0-1-f1-1-1,2892792,2008584,10,7,78,52,7,7
tri-q1-0-1-f1-2-1,1940667,1376750,8,6,57,38,7,7
tri-q1-0-2-f1-1-1,3608458,2481875,12,8,96,64,7,7
tri-q1-0-2-f1-1-2,2134666,1516083,10,7,57,38,7,7
tri-q1-0-2-f1-2-1,3846583,2658792,12,8,108,72,7,7
tri-q1-0-2-f1-2-2,3657542,2538875,10,7,108,72,7,7
tri-q1-0-2-f1-3-1,3309917,2287208,10,7,96,64,7,7
tri-q1-0-2-f1-3-2,1984875,1415292,8,6,60,40,7,7
tri-q1-1-0-f1-1-1,2887500,1999792,10,7,78,52,7,7
tri-q1-1-0-f2-1-1,1948500,1375500,8,6,57,38,7,7
tri-q1-1-1-f1-1-1,6625000,4965834,12,9,168,125,7,7
tri-q1-1-1-f1-1-2,4673167,3195959,12,8,120,80,7,7
tri-q1-1-1-f1-2-1,4668958,3215458,12,8,120,80,7,7
tri-q1-1-1-f1-2-2,4317667,2965583,10,7,117,78,7,7
tri-q1-1-1-f2-1-1,4673250,3188834,12,8,120,80,7,7
tri-q1-1-1-f2-1-2,4293750,2964458,10,7,117,78,7,7
tri-q1-1-1-f2-2-1,4284959,2961166,10,7,117,78,7,7
tri-q1-1-1-f2-2-2,2033083,1414333,6,5,54,36,7,7
tri-q1-1-2-f1-1-1,5481334,4749042,12,10,138,119,7,7
tri-q1-1-2-f1-1-2,5339792,3658417,12,8,138,92,7,7
tri-q1-1-2-f1-1-3,5822958,4149459,13,9,153,108,7,7
tri-q1-1-2-f1-2-1,5318917,3633417,12,8,138,92,7,7
tri-q1-1-2-f1-2-2,7129791,4896583,12,8,189,126,7,7
tri-q1-1-2-f1-2-3,5257125,3608458,12,8,141,94,7,7
tri-q1-1-2-f1-3-1,5809333,4152583,13,9,153,108,7,7
tri-q1-1-2-f1-3-2,5248167,3594250,12,8,141,94,7,7
tri-q1-1-2-f1-3-3,4890250,3361292,10,7,135,90,7,7
tri-q1-1-2-f2-1-1,4048500,3434666,10,8,105,86,7,7
tri-q1-1-2-f2-1-2,5238500,4091125,12,9,138,105,7,7
tri-q1-1-2-f2-1-3,4149583,3012708,11,8,116,82,7,7
tri-q1-1-2-f2-2-1,5231333,4098625,12,9,138,105,7,7
tri-q1-1-2-f2-2-2,4577209,3138083,10,7,117,78,7,7
tri-q1-1-2-f2-2-3,4887708,3381250,10,7,138,92,7,7
tri-q1-1-2-f2-3-1,3750041,2616666,10,7,102,68,7,7
tri-q1-1-2-f2-3-2,4882000,3363834,10,7,138,92,7,7
tri-q1-1-2-f2-3-3,3214333,2250334,8,6,99,66,7,7
tri-q1-2-0-f1-1-1,3592875,2481792,12,8,96,64,7,7
tri-q1-2-0-f1-1-2,2131084,1498041,10,7,57,38,7,7
tri-q1-2-0-f2-1-1,3853792,2656500,12,8,108,72,7,7
tri-q1-2-0-f2-1-2,3647375,2536708,10,7,108,72,7,7
tri-q1-2-0-f3-1-1,3299958,2297458,10,7,96,64,7,7
tri-q1-2-0-f3-1-2,1983250,1409000,8,6,60,40,7,7
tri-q1-2-1-f1-1-1,5467541,4288542,12,9,138,106,7,7
tri-q1-2-1-f1-1-2,5359042,3675042,12,8,138,92,7,7
tri-q1-2-1-f1-1-3,5834041,4167542,13,9,153,108,7,7
tri-q1-2-1-f1-2-1,4063375,3437833,10,8,105,86,7,7
tri-q1-2-1-f1-2-2,5271916,4115917,12,9,138,105,7,7
tri-q1-2-1-f1-2-3,4175334,3024375,11,8,116,82,7,7
tri-q1-2-1-f2-1-1,5342292,3644583,12,8,138,92,7,7
tri-q1-2-1-f2-1-2,7182959,4918416,12,8,189,126,7,7
tri-q1-2-1-f2-1-3,5272958,3622042,12,8,141,94,7,7
tri-q1-2-1-f2-2-1,5250917,4116416,12,9,138,105,7,7
tri-q1-2-1-f2-2-2,4595375,3137291,10,7,117,78,7,7
tri-q1-2-1-f2-2-3,4902416,3382416,10,7,138,92,7,7
tri-q1-2-1-f3-1-1,5816917,4147250,13,9,153,108,7,7
tri-q1-2-1-f3-1-2,5266792,3621917,12,8,141,94,7,7
tri-q1-2-1-f3-1-3,4968375,3402792,10,7,135,90,7,7
tri-q1-2-1-f3-2-1,4055917,2917625,11,8,116,82,7,7
tri-q1-2-1-f3-2-2,4852833,3342583,10,7,138,92,7,7
tri-q1-2-1-f3-2-3,3226500,2216334,8,6,99,66,7,7
tri-q1-2-2-f1-1-1,5466166,3719708,12,8,138,92,7,7
tri-q1-2-2-f1-1-2,4953958,3399792,10,7,129,86,7,7
tri-q1-2-2-f1-1-3,6580667,4665334,13,9,174,122,7,7
tri-q1-2-2-f1-1-4,4033458,2797958,10,7,105,70,7,7
tri-q1-2-2-f1-2-1,5358000,4181250,12,9,138,105,7,7
tri-q1-2-2-f1-2-2,6007250,4609333,12,9,159,119,7,7
tri-q1-2-2-f1-2-3,5877375,4526458,12,9,159,119,7,7
tri-q1-2-2-f1-2-4,5223583,4117541,12,9,138,105,7,7
tri-q1-2-2-f1-3-1,5225417,3547208,12,8,135,90,7,7
tri-q1-2-2-f1-3-2,5096708,3660833,11,8,140,98,7,7
tri-q1-2-2-f1-3-3,5837000,4492292,12,9,156,117,7,7
tri-q1-2-2-f1-3-4,4143334,3015500,11,8,116,82,7,7
tri-q1-2-2-f2-1-1,5360542,4176667,12,9,138,105,7,7
tri-q1-2-2-f2-1-2,5971500,4595000,12,9,159,119,7,7
tri-q1-2-2-f2-1-3,5865084,4514875,12,9,159,119,7,7
tri-q1-2-2-f2-1-4,5221542,4107334,12,9,138,105,7,7
tri-q1-2-2-f2-2-1,7210291,5406000,12,9,189,139,7,7
tri-q1-2-2-f2-2-2,5215916,4047792,10,8,135,103,7,7
tri-q1-2-2-f2-2-3,7760542,5813333,12,9,210,153,7,7
tri-q1-2-2-f2-2-4,4556292,3100375,10,7,117,78,7,7
tri-q1-2-2-f2-3-1,5409375,4216750,12,9,141,107,7,7
tri-q1-2-2-f2-3-2,5838167,4497584,12,9,159,119,7,7
tri-q1-2-2-f2-3-3,5829333,3980750,12,8,162,108,7,7
tri-q1-2-2-f2-3-4,4889625,3377917,10,7,138,92,7,7
tri-q1-2-2-f3-1-1,5214833,4175500,12,9,135,108,7,7
tri-q1-2-2-f3-1-2,5107958,3669000,11,8,140,98,7,7
tri-q1-2-2-f3-1-3,6437042,5127291,13,10,174,135,7,7
tri-q1-2-2-f3-1-4,4143333,3016542,11,8,116,82,7,7
tri-q1-2-2-f3-2-1,5386750,4202792,12,9,141,107,7,7
tri-q1-2-2-f3-2-2,5803292,4483125,12,9,159,119,7,7
tri-q1-2-2-f3-2-3,5806542,3983459,12,8,162,108,7,7
tri-q1-2-2-f3-2-4,4872459,3374250,10,7,138,92,7,7
tri-q1-2-2-f3-3-1,4943667,3393292,10,7,135,90,7,7
tri-q1-2-2-f3-3-2,4739084,3411791,11,8,135,94,7,7
tri-q1-2-2-f3-3-3,5490625,3786959,10,7,156,104,7,7
tri-q1-2-2-f3-3-4,3231375,2229333,8,6,99,66,7,7
tri-q2-0-1-f1-1-1,3609041,2924750,12,9,96,77,7,7
tri-q2-0-1-f1-2-1,3854959,2671709,12,8,108,72,7,7
tri-q2-0-1-f1-3-1,3316792,2297500,10,7,96,64,7,7
tri-q2-0-1-f2-1-1,2132291,1506375,10,7,57,38,7,7
tri-q2-0-1-f2-2-1,3648000,2536333,10,7,108,72,7,7
tri-q2-0-1-f2-3-1,1986166,1410375,8,6,60,40,7,7
tri-q2-0-2-f1-1-1,4758541,3696167,12,9,126,97,7,7
tri-q2-0-2-f1-1-2,3373958,2335166,12,8,90,60,7,7
tri-q2-0-2-f1-2-1,4827959,3302417,12,8,138,92,7,7
tri-q2-0-2-f1-2-2,4332541,2974417,12,8,126,84,7,7
tri-q2-0-2-f1-3-1,5145375,3506333,12,8,144,96,7,7
tri-q2-0-2-f1-3-2,3821917,2641292,12,8,111,74,7,7
tri-q2-0-2-f1-4-1,4246584,2893042,12,8,120,80,7,7
tri-q2-0-2-f1-4-2,3634583,2525209,10,7,108,72,7,7
tri-q2-0-2-f2-1-1,3381125,2330792,12,8,90,60,7,7
tri-q2-0-2-f2-1-2,3487292,2382958,10,7,99,66,7,7
tri-q2-0-2-f2-2-1,4361084,2982083,12,8,126,84,7,7
tri-q2-0-2-f2-2-2,2009500,1425375,8,6,54,36,7,7
tri-q2-0-2-f2-3-1,3823875,2638708,12,8,111,74,7,7
tri-q2-0-2-f2-3-2,3986750,2763666,10,7,120,80,7,7
tri-q2-0-2-f2-4-1,3631250,2527375,10,7,108,72,7,7
tri-q2-0-2-f2-4-2,1334875,950709,6,5,36,24,7,7
tri-q2-1-0-f1-1-1,3610500,2492333,12,8,96,64,7,7
tri-q2-1-0-f1-2-1,2133167,1508000,10,7,57,38,7,7
tri-q2-1-0-f2-1-1,3859875,2661834,12,8,108,72,7,7
tri-q2-1-0-f2-2-1,3648292,2541333,10,7,108,72,7,7
tri-q2-1-0-f3-1-1,3322667,2296791,10,7,96,64,7,7
tri-q2-1-0-f3-2-1,1994041,1416417,8,6,60,40,7,7
tri-q2-1-1-f1-1-1,5476334,4255125,12,9,138,106,7,7
tri-q2-1-1-f1-1-2,4069916,3442416,10,8,105,86,7,7
tri-q2-1-1-f1-2-1,5325583,3658916,12,8,138,92,7,7
tri-q2-1-1-f1-2-2,5248583,4116042,12,9,138,105,7,7
tri-q2-1-1-f1-3-1,5813875,4130792,13,9,153,108,7,7
tri-q2-1-1-f1-3-2,4147750,3018167,11,8,116,82,7,7
tri-q2-1-1-f2-1-1,5341333,3644375,12,8,138,92,7,7
tri-q2-1-1-f2-1-2,5257083,4107958,12,9,138,105,7,7
tri-q2-1-1-f2-2-1,7127792,4885709,12,8,189,126,7,7
tri-q2-1-1-f2-2-2,4609334,3140042,10,7,117,78,7,7
tri-q2-1-1-f2-3-1,5268333,3603875,12,8,141,94,7,7
tri-q2-1-1-f2-3-2,4883333,3381250,10,7,138,92,7,7
tri-q2-1-1-f3-1-1,5818875,4148959,13,9,153,108,7,7
tri-q2-1-1-f3-1-2,4153042,3019000,11,8,116,82,7,7
tri-q2-1-1-f3-2-1,5243916,3598333,12,8,141,94,7,7
tri-q2-1-1-f3-2-2,4888833,3381459,10,7,138,92,7,7
tri-q2-1-1-f3-3-1,4893834,3371834,10,7,135,90,7,7
tri-q2-1-1-f3-3-2,3250166,2243709,8,6,99,66,7,7
tri-q2-1-2-f1-1-1,5482458,3738166,12,8,138,92,7,7
tri-q2-1-2-f1-1-2,5367000,4195500,12,9,138,105,7,7
tri-q2-1-2-f1-1-3,5268750,4713167,12,10,135,121,7,7
tri-q2-1-2-f1-2-1,4966583,3419458,10,7,129,86,7,7
tri-q2-1-2-f1-2-2,6018750,4116333,12,8,159,106,7,7
tri-q2-1-2-f1-2-3,5105417,3676000,11,8,140,98,7,7
tri-q2-1-2-f1-3-1,6589542,4673250,13,9,174,122,7,7
tri-q2-1-2-f1-3-2,5882209,4531917,12,9,159,119,7,7
tri-q2-1-2-f1-3-3,6469333,5129375,13,10,174,135,7,7
tri-q2-1-2-f1-4-1,4036583,2793250,10,7,105,70,7,7
tri-q2-1-2-f1-4-2,5234291,4094500,12,9,138,105,7,7
tri-q2-1-2-f1-4-3,4143958,3012459,11,8,116,82,7,7
tri-q2-1-2-f2-1-1,5353916,4175750,12,9,138,105,7,7
tri-q2-1-2-f2-1-2,7234959,5399333,12,9,189,139,7,7
tri-q2-1-2-f2-1-3,5391750,4223125,12,9,141,107,7,7
tri-q2-1-2-f2-2-1,6028500,4613209,12,9,159,119,7,7
tri-q2-1-2-f2-2-2,5248458,4081250,10,8,135,103,7,7
tri-q2-1-2-f2-2-3,5897917,4507042,12,9,159,119,7,7
tri-q2-1-2-f2-3-1,5902375,4540375,12,9,159,119,7,7
tri-q2-1-2-f2-3-2,7769083,5814792,12,9,210,153,7,7
tri-q2-1-2-f2-3-3,5816750,3994500,12,8,162,108,7,7
tri-q2-1-2-f2-4-1,5237666,4118833,12,9,138,105,7,7
tri-q2-1-2-f2-4-2,4569917,3111625,10,7,117,78,7,7
tri-q2-1-2-f2-4-3,4888292,3376167,10,7,138,92,7,7
tri-q2-1-2-f3-1-1,5228708,3558125,12,8,135,90,7,7
tri-q2-1-2-f3-1-2,5393458,3702000,12,8,141,94,7,7
tri-q2-1-2-f3-1-3,4958750,3415458,10,7,135,90,7,7
tri-q2-1-2-f3-2-1,5127209,3680459,11,8,140,98,7,7
tri-q2-1-2-f3-2-2,5820333,4493625,12,9,159,119,7,7
tri-q2-1-2-f3-2-3,4751083,3421458,11,8,135,94,7,7
tri-q2-1-2-f3-3-1,5846833,4504417,12,9,156,117,7,7
tri-q2-1-2-f3-3-2,5841625,4000542,12,8,162,108,7,7
tri-q2-1-2-f3-3-3,5515291,3789167,10,7,156,104,7,7
tri-q2-1-2-f3-4-1,4169083,3017667,11,8,116,82,7,7
tri-q2-1-2-f3-4-2,4900250,3380666,10,7,138,92,7,7
tri-q2-1-2-f3-4-3,3260709,2245750,8,6,99,66,7,7
tri-q2-2-0-f1-1-1,4775333,3283667,12,8,126,84,7,7
tri-q2-2-0-f1-1-2,3395875,2350750,12,8,90,60,7,7
tri-q2-2-0-f1-2-1,3413083,2336000,12,8,90,60,7,7
tri-q2-2-0-f1-2-2,3475750,2378416,10,7,99,66,7,7
tri-q2-2-0-f2-1-1,4845042,3315459,12,8,138,92,7,7
tri-q2-2-0-f2-1-2,4355417,2974666,12,8,126,84,7,7
tri-q2-2-0-f2-2-1,4347667,2983625,12,8,126,84,7,7
tri-q2-2-0-f2-2-2,2005000,1417875,8,6,54,36,7,7
tri-q2-2-0-f3-1-1,5139709,3523458,12,8,144,96,7,7
tri-q2-2-0-f3-1-2,3832584,2653000,12,8,111,74,7,7
tri-q2-2-0-f3-2-1,3834083,2642333,12,8,111,74,7,7
tri-q2-2-0-f3-2-2,3980416,2764042,10,7,120,80,7,7
tri-q2-2-0-f4-1-1,4643375,3289875,13,9,132,92,7,7
tri-q2-2-0-f4-1-2,3643208,2526875,10,7,108,72,7,7
tri-q2-2-0-f4-2-1,3622417,2513916,10,7,108,72,7,7
tri-q2-2-0-f4-2-2,1338458,953625,6,5,36,24,7,7
tri-q2-2-1-f1-1-1,5475166,3732958,12,8,138,92,7,7
tri-q2-2-1-f1-1-2,5384750,4204667,12,9,138,105,7,7
tri-q2-2-1-f1-1-3,5251625,4714250,12,10,135,121,7,7
tri-q2-2-1-f1-2-1,5367166,4201958,12,9,138,105,7,7
tri-q2-2-1-f1-2-2,7243250,5433542,12,9,189,139,7,7
tri-q2-2-1-f1-2-3,5417708,3712208,12,8,141,94,7,7
tri-q2-2-1-f1-3-1,5224458,4073250,12,9,135,103,7,7
tri-q2-2-1-f1-3-2,5398500,3688667,12,8,141,94,7,7
tri-q2-2-1-f1-3-3,4946833,3400167,10,7,135,90,7,7
tri-q2-2-1-f2-1-1,4963750,3417167,10,7,129,86,7,7
tri-q2-2-1-f2-1-2,6012167,4098875,12,8,159,106,7,7
tri-q2-2-1-f2-1-3,5117334,3674917,11,8,140,98,7,7
tri-q2-2-1-f2-2-1,5993250,4090875,12,8,159,106,7,7
tri-q2-2-1-f2-2-2,5235584,4056875,10,8,135,103,7,7
tri-q2-2-1-f2-2-3,5815250,4495416,12,9,159,119,7,7
tri-q2-2-1-f2-3-1,4711167,3231750,10,7,126,84,7,7
tri-q2-2-1-f2-3-2,5804750,4489208,12,9,159,119,7,7
tri-q2-2-1-f2-3-3,4738250,3419916,11,8,135,94,7,7
tri-q2-2-1-f3-1-1,6575458,4655042,13,9,174,122,7,7
tri-q2-2-1-f3-1-2,5887958,4533417,12,9,159,119,7,7
tri-q2-2-1-f3-1-3,6452333,5133416,13,10,174,135,7,7
tri-q2-2-1-f3-2-1,5881833,4537542,12,9,159,119,7,7
tri-q2-2-1-f3-2-2,7779750,5817666,12,9,210,153,7,7
tri-q2-2-1-f3-2-3,5842500,3980916,12,8,162,108,7,7
tri-q2-2-1-f3-3-1,5817250,4500584,12,9,156,117,7,7
tri-q2-2-1-f3-3-2,6884125,3971083,12,8,162,108,7,7
tri-q2-2-1-f3-3-3,5438417,3754041,10,7,156,104,7,7
tri-q2-2-1-f4-1-1,4002375,2767292,10,7,105,70,7,7
tri-q2-2-1-f4-1-2,5181958,4043542,12,9,138,105,7,7
tri-q2-2-1-f4-1-3,4115584,2992083,11,8,116,82,7,7
tri-q2-2-1-f4-2-1,5173334,4073417,12,9,138,105,7,7
tri-q2-2-1-f4-2-2,4545875,3098375,10,7,117,78,7,7
tri-q2-2-1-f4-2-3,4864875,3348125,10,7,138,92,7,7
tri-q2-2-1-f4-3-1,3735834,2602084,10,7,102,68,7,7
tri-q2-2-1-f4-3-2,4870375,3357041,10,7,138,92,7,7
tri-q2-2-1-f4-3-3,3230500,2235459,8,6,99,66,7,7
tri-q2-2-2-f1-1-1,6674791,4533875,12,8,168,112,7,7
tri-q2-2-2-f1-1-2,5314667,3637209,12,8,138,92,7,7
tri-q2-2-2-f1-1-3,7168291,5975417,12,10,186,155,7,7
tri-q2-2-2-f1-1-4,4747250,3251125,12,8,120,80,7,7
tri-q2-2-2-f1-2-1,5304125,3619375,12,8,138,92,7,7
tri-q2-2-2-f1-2-2,6003916,5084125,12,10,159,133,7,7
tri-q2-2-2-f1-2-3,6312458,4998166,13,10,173,134,7,7
tri-q2-2-2-f1-2-4,5207958,3551542,12,8,138,92,7,7
tri-q2-2-2-f1-3-1,7169292,5365000,12,9,186,137,7,7
tri-q2-2-2-f1-3-2,6329083,4989625,13,10,173,134,7,7
tri-q2-2-2-f1-3-3,7705625,5251083,12,8,207,138,7,7
tri-q2-2-2-f1-3-4,5694541,4009042,13,9,155,108,7,7
tri-q2-2-2-f1-4-1,4730209,3241667,12,8,120,80,7,7
tri-q2-2-2-f1-4-2,5207000,3552083,12,8,138,92,7,7
tri-q2-2-2-f1-4-3,5684084,4015000,13,9,155,108,7,7
tri-q2-2-2-f1-4-4,4320792,2994542,10,7,117,78,7,7
tri-q2-2-2-f2-1-1,5293917,4157375,12,9,138,106,7,7
tri-q2-2-2-f2-1-2,5996209,4605333,12,9,159,120,7,7
tri-q2-2-2-f2-1-3,6344209,4973041,13,10,173,134,7,7
tri-q2-2-2-f2-1-4,5215583,3556708,12,8,138,92,7,7
tri-q2-2-2-f2-2-1,6016333,4590167,12,9,159,120,7,7
tri-q2-2-2-f2-2-2,4855167,4248583,8,7,126,108,7,7
tri-q2-2-2-f2-2-3,6495375,5495542,12,10,180,147,7,7
tri-q2-2-2-f2-2-4,4551708,3947500,9,8,120,102,7,7
tri-q2-2-2-f2-3-1,5929000,4572209,12,9,159,120,7,7
tri-q2-2-2-f2-3-2,6486958,5476459,12,10,180,147,7,7
tri-q2-2-2-f2-3-3,6407958,4851375,12,9,180,133,7,7
tri-q2-2-2-f2-3-4,5785625,4467708,12,9,159,119,7,7
tri-q2-2-2-f2-4-1,5206000,3548833,12,8,138,92,7,7
tri-q2-2-2-f2-4-2,3925708,3316416,8,7,102,84,7,7
tri-q2-2-2-f2-4-3,5809791,4462875,12,9,159,119,7,7
tri-q2-2-2-f2-4-4,3016083,2101125,8,6,78,52,7,7
tri-q2-2-2-f3-1-1,7155916,5483125,12,9,186,142,7,7
tri-q2-2-2-f3-1-2,6310583,4988667,13,10,173,134,7,7
tri-q2-2-2-f3-1-3,8349083,5876750,13,9,225,156,7,7
tri-q2-2-2-f3-1-4,5667500,4007333,13,9,155,108,7,7
tri-q2-2-2-f3-2-1,6317000,4976041,13,10,173,134,7,7
tri-q2-2-2-f3-2-2,6519709,5489292,12,10,180,147,7,7
tri-q2-2-2-f3-2-3,6426209,4847125,12,9,180,133,7,7
tri-q2-2-2-f3-2-4,5839625,4510917,12,9,159,119,7,7
tri-q2-2-2-f3-3-1,7758333,5283875,12,8,207,138,7,7
tri-q2-2-2-f3-3-2,6458750,4863917,12,9,180,133,7,7
tri-q2-2-2-f3-3-3,8168084,6091834,12,9,228,165,7,7
tri-q2-2-2-f3-3-4,5728042,3888167,12,8,162,108,7,7
tri-q2-2-2-f3-4-1,5691542,4005208,13,9,155,108,7,7
tri-q2-2-2-f3-4-2,5806083,4489000,12,9,159,119,7,7
tri-q2-2-2-f3-4-3,5769125,3917042,12,8,162,108,7,7
tri-q2-2-2-f3-4-4,4872125,3361292,10,7,138,92,7,7
tri-q2-2-2-f4-1-1,4739917,3248500,12,8,120,80,7,7
tri-q2-2-2-f4-1-2,5222959,3559666,12,8,138,92,7,7
tri-q2-2-2-f4-1-3,5712916,4032416,13,9,155,108,7,7
tri-q2-2-2-f4-1-4,4344500,3004375,10,7,117,78,7,7
tri-q2-2-2-f4-2-1,5227417,3555208,12,8,138,92,7,7
tri-q2-2-2-f4-2-2,4572125,3958458,9,8,120,102,7,7
tri-q2-2-2-f4-2-3,5806875,4487667,12,9,159,119,7,7
tri-q2-2-2-f4-2-4,3650000,2722125,9,7,96,70,7,7
tri-q2-2-2-f4-3-1,5316000,3619042,12,8,141,94,7,7
tri-q2-2-2-f4-3-2,5804209,4486042,12,9,159,119,7,7
tri-q2-2-2-f4-3-3,5763792,3909875,12,8,162,108,7,7
tri-q2-2-2-f4-3-4,4877542,3367875,10,7,138,92,7,7
tri-q2-2-2-f4-4-1,4326958,2981750,10,7,117,78,7,7
tri-q2-2-2-f4-4-2,3022292,2094709,8,6,78,52,7,7
tri-q2-2-2-f4-4-3,4873084,3358542,10,7,138,92,7,7
tri-q2-2-2-f4-4-4,2039458,1430750,6,5,54,36,7,7
