cell,n,tau,b,capacity_mode,recipes,solver_calls,cell_elapsed_ns
irregular-n06-t064-b00001-falternating,6,64,1,alternating,5,10,1668615791
irregular-n06-t064-b00001-frandom,6,64,1,random,5,10,2190641334
irregular-n06-t064-b00008-falternating,6,64,8,alternating,5,10,2058987584
irregular-n06-t064-b00008-frandom,6,64,8,random,5,10,3296410542
irregular-n06-t064-b00064-falternating,6,64,64,alternating,5,10,2067170500
irregular-n06-t064-b00064-frandom,6,64,64,random,5,10,3452546625
irregular-n06-t128-b00001-falternating,6,128,1,alternating,5,10,2715817416
irregular-n06-t128-b00001-frandom,6,128,1,random,5,10,3960166583
irregular-n06-t128-b00008-falternating,6,128,8,alternating,5,10,3016648000
irregular-n06-t128-b00008-frandom,6,128,8,random,5,10,4552240166
irregular-n06-t128-b00064-falternating,6,128,64,alternating,5,10,2996003166
irregular-n06-t128-b00064-frandom,6,128,64,random,5,10,4979505791
irregular-n08-t064-b00001-falternating,8,64,1,alternating,5,10,13854254584
irregular-n08-t064-b00001-frandom,8,64,1,random,5,10,23361290167
irregular-n08-t064-b00008-falternating,8,64,8,alternating,5,10,17980717833
irregular-n08-t064-b00008-frandom,8,64,8,random,5,10,27389541458
irregular-n08-t064-b00064-falternating,8,64,64,alternating,5,10,16993043292
irregular-n08-t064-b00064-frandom,8,64,64,random,5,10,27490121916
irregular-n08-t128-b00001-falternating,8,128,1,alternating,5,10,26819748209
irregular-n08-t128-b00001-frandom,8,128,1,random,5,10,33480503583
irregular-n08-t128-b00008-falternating,8,128,8,alternating,5,10,28681290250
irregular-n08-t128-b00008-frandom,8,128,8,random,5,10,50918545583
irregular-n08-t128-b00064-falternating,8,128,64,alternating,5,10,27870194583
irregular-n08-t128-b00064-frandom,8,128,64,random,5,10,50232647459
irregular-n12-t064-b00001-falternating,12,64,1,alternating,5,10,306869389083
irregular-n12-t064-b00001-frandom,12,64,1,random,5,10,417889016708
irregular-n12-t064-b00008-falternating,12,64,8,alternating,5,10,338443205000
irregular-n12-t064-b00008-frandom,12,64,8,random,5,10,495867775042
irregular-n12-t064-b00064-falternating,12,64,64,alternating,5,10,373788193500
irregular-n12-t064-b00064-frandom,12,64,64,random,5,10,562083724292
irregular-n12-t128-b00001-falternating,12,128,1,alternating,5,10,525846212708
irregular-n12-t128-b00001-frandom,12,128,1,random,5,10,865625523417
irregular-n12-t128-b00008-falternating,12,128,8,alternating,5,10,616307823583
irregular-n12-t128-b00008-frandom,12,128,8,random,5,10,968840879166
irregular-n12-t128-b00064-falternating,12,128,64,alternating,5,10,588469906708
irregular-n12-t128-b00064-frandom,12,128,64,random,5,10,967991629584
irregular-n16-t064-b00001-falternating,16,64,1,alternating,5,10,3874356454083
irregular-n16-t064-b00001-frandom,16,64,1,random,5,10,6215121024166
irregular-n16-t064-b00008-falternating,16,64,8,alternating,5,10,4505811946416
irregular-n16-t064-b00008-frandom,16,64,8,random,5,10,7088657956875
irregular-n16-t064-b00064-falternating,16,64,64,alternating,5,10,4208094542167
irregular-n16-t064-b00064-frandom,16,64,64,random,5,10,6510023952417
irregular-n16-t128-b00001-falternating,16,128,1,alternating,5,10,7026679758334
irregular-n16-t128-b00001-frandom,16,128,1,random,5,10,13415850010000
irregular-n16-t128-b00008-falternating,16,128,8,alternating,5,10,9622418994458
irregular-n16-t128-b00008-frandom,16,128,8,random,5,10,17242964958083
irregular-n16-t128-b00064-falternating,16,128,64,alternating,5,10,7520437616958
irregular-n16-t128-b00064-frandom,16,128,64,random,5,10,15372078730959
