cell,recipe,solver,n,m,tau,b,capacity_mode,seed,max_q_bits,solve_elapsed_ns,oracle_calls,lookahead_queries,ordinary_min_cut_calls,peak_integer_bits
irregular-n06-t064-b00001-falternating,irregular-n06-t064-b00001-falternating-p01,Standard,6,9,64,1,alternating,p01,2,227947875,15,0,3908,10
irregular-n06-t064-b00001-falternating,irregular-n06-t064-b00001-falternating-p01,Accelerated,6,9,64,1,alternating,p01,2,175922916,13,1,2951,12
irregular-n06-t064-b00001-falternating,irregular-n06-t064-b00001-falternating-p02,Accelerated,6,8,64,1,alternating,p02,2,111442000,9,0,1958,10
irregular-n06-t064-b00001-falternating,irregular-n06-t064-b00001-falternating-p02,Standard,6,8,64,1,alternating,p02,2,196522459,14,0,3095,10
irregular-n06-t064-b00001-falternating,irregular-n06-t064-b00001-falternating-p03,Standard,6,9,64,1,alternating,p03,2,180486083,13,0,3069,10
irregular-n06-t064-b00001-falternating,irregular-n06-t064-b00001-falternating-p03,Accelerated,6,9,64,1,alternating,p03,2,126439375,9,0,2172,10
irregular-n06-t064-b00001-falternating,irregular-n06-t064-b00001-falternating-p04,Accelerated,6,9,64,1,alternating,p04,2,155213375,10,0,2696,10
irregular-n06-t064-b00001-falternating,irregular-n06-t064-b00001-falternating-p04,Standard,6,9,64,1,alternating,p04,2,249307500,15,0,4381,10
irregular-n06-t064-b00001-falternating,irregular-n06-t064-b00001-falternating-p05,Standard,6,7,64,1,alternating,p05,2,139524292,10,0,2733,10
irregular-n06-t064-b00001-falternating,irregular-n06-t064-b00001-falternating-p05,Accelerated,6,7,64,1,alternating,p05,2,98383916,8,0,1928,10
irregular-n06-t064-b00001-frandom,irregular-n06-t064-b00001-frandom-p01,Accelerated,6,9,64,1,random,p01,2,156384333,8,0,2832,10
irregular-n06-t064-b00001-frandom,irregular-n06-t064-b00001-frandom-p01,Standard,6,9,64,1,random,p01,2,284278917,14,0,5162,10
irregular-n06-t064-b00001-frandom,irregular-n06-t064-b00001-frandom-p02,Standard,6,8,64,1,random,p02,2,240111250,15,0,4596,10
irregular-n06-t064-b00001-frandom,irregular-n06-t064-b00001-frandom-p02,Accelerated,6,8,64,1,random,p02,2,213204084,13,1,4146,10
irregular-n06-t064-b00001-frandom,irregular-n06-t064-b00001-frandom-p03,Accelerated,6,9,64,1,random,p03,2,205174333,11,0,3773,10
irregular-n06-t064-b00001-frandom,irregular-n06-t064-b00001-frandom-p03,Standard,6,9,64,1,random,p03,2,272749833,14,0,5029,10
irregular-n06-t064-b00001-frandom,irregular-n06-t064-b00001-frandom-p04,Standard,6,9,64,1,random,p04,2,231764042,10,0,4299,10
irregular-n06-t064-b00001-frandom,irregular-n06-t064-b00001-frandom-p04,Accelerated,6,9,64,1,random,p04,2,210474584,9,0,3921,10
irregular-n06-t064-b00001-frandom,irregular-n06-t064-b00001-frandom-p05,Accelerated,6,7,64,1,random,p05,2,153899166,11,1,3012,10
irregular-n06-t064-b00001-frandom,irregular-n06-t064-b00001-frandom-p05,Standard,6,7,64,1,random,p05,2,215328834,14,0,4285,10
irregular-n06-t064-b00008-falternating,irregular-n06-t064-b00008-falternating-p01,Standard,6,9,64,8,alternating,p01,8,229747417,14,0,3802,22
irregular-n06-t064-b00008-falternating,irregular-n06-t064-b00008-falternating-p01,Accelerated,6,9,64,8,alternating,p01,8,215059750,14,1,3530,31
irregular-n06-t064-b00008-falternating,irregular-n06-t064-b00008-falternating-p02,Accelerated,6,8,64,8,alternating,p02,8,168051125,13,1,2779,29
irregular-n06-t064-b00008-falternating,irregular-n06-t064-b00008-falternating-p02,Standard,6,8,64,8,alternating,p02,8,212911292,17,0,3580,21
irregular-n06-t064-b00008-falternating,irregular-n06-t064-b00008-falternating-p03,Standard,6,9,64,8,alternating,p03,8,232241125,16,0,3860,23
irregular-n06-t064-b00008-falternating,irregular-n06-t064-b00008-falternating-p03,Accelerated,6,9,64,8,alternating,p03,8,180027541,11,1,2928,33
irregular-n06-t064-b00008-falternating,irregular-n06-t064-b00008-falternating-p04,Accelerated,6,9,64,8,alternating,p04,8,213866708,14,1,3530,32
irregular-n06-t064-b00008-falternating,irregular-n06-t064-b00008-falternating-p04,Standard,6,9,64,8,alternating,p04,8,235974125,15,0,3908,23
irregular-n06-t064-b00008-falternating,irregular-n06-t064-b00008-falternating-p05,Standard,6,7,64,8,alternating,p05,7,210814709,14,0,3938,20
irregular-n06-t064-b00008-falternating,irregular-n06-t064-b00008-falternating-p05,Accelerated,6,7,64,8,alternating,p05,7,153640458,11,1,2810,28
irregular-n06-t064-b00008-frandom,irregular-n06-t064-b00008-frandom-p01,Accelerated,6,9,64,8,random,p01,8,241837375,10,0,4263,21
irregular-n06-t064-b00008-frandom,irregular-n06-t064-b00008-frandom-p01,Standard,6,9,64,8,random,p01,8,349602792,14,0,6184,21
irregular-n06-t064-b00008-frandom,irregular-n06-t064-b00008-frandom-p02,Standard,6,8,64,8,random,p02,8,374460125,16,0,6932,21
irregular-n06-t064-b00008-frandom,irregular-n06-t064-b00008-frandom-p02,Accelerated,6,8,64,8,random,p02,8,425468542,16,2,7621,27
irregular-n06-t064-b00008-frandom,irregular-n06-t064-b00008-frandom-p03,Accelerated,6,9,64,8,random,p03,8,360845625,14,1,6363,30
irregular-n06-t064-b00008-frandom,irregular-n06-t064-b00008-frandom-p03,Standard,6,9,64,8,random,p03,8,335004708,13,0,5985,22
irregular-n06-t064-b00008-frandom,irregular-n06-t064-b00008-frandom-p04,Standard,6,9,64,8,random,p04,8,292624750,14,0,4950,22
irregular-n06-t064-b00008-frandom,irregular-n06-t064-b00008-frandom-p04,Accelerated,6,9,64,8,random,p04,8,258678125,12,0,4449,22
irregular-n06-t064-b00008-frandom,irregular-n06-t064-b00008-frandom-p05,Accelerated,6,7,64,8,random,p05,8,332841000,14,1,6679,25
irregular-n06-t064-b00008-frandom,irregular-n06-t064-b00008-frandom-p05,Standard,6,7,64,8,random,p05,8,317675500,15,0,6137,20
irregular-n06-t064-b00064-falternating,irregular-n06-t064-b00064-falternating-p01,Standard,6,9,64,64,alternating,p01,64,263771083,16,0,4286,134
irregular-n06-t064-b00064-falternating,irregular-n06-t064-b00064-falternating-p01,Accelerated,6,9,64,64,alternating,p01,64,265650792,16,2,4286,200
irregular-n06-t064-b00064-falternating,irregular-n06-t064-b00064-falternating-p02,Accelerated,6,8,64,64,alternating,p02,64,184821542,15,2,2991,199
irregular-n06-t064-b00064-falternating,irregular-n06-t064-b00064-falternating-p02,Standard,6,8,64,64,alternating,p02,64,221196958,18,0,3686,133
irregular-n06-t064-b00064-falternating,irregular-n06-t064-b00064-falternating-p03,Standard,6,9,64,64,alternating,p03,64,209829916,15,0,3482,135
irregular-n06-t064-b00064-falternating,irregular-n06-t064-b00064-falternating-p03,Accelerated,6,9,64,64,alternating,p03,64,132581208,9,0,2172,135
irregular-n06-t064-b00064-falternating,irregular-n06-t064-b00064-falternating-p04,Accelerated,6,9,64,64,alternating,p04,64,216167875,14,1,3530,200
irregular-n06-t064-b00064-falternating,irregular-n06-t064-b00064-falternating-p04,Standard,6,9,64,64,alternating,p04,64,230781708,14,0,3802,134
irregular-n06-t064-b00064-falternating,irregular-n06-t064-b00064-falternating-p05,Standard,6,7,64,64,alternating,p05,64,197812500,13,0,3456,133
irregular-n06-t064-b00064-falternating,irregular-n06-t064-b00064-falternating-p05,Accelerated,6,7,64,64,alternating,p05,64,137183292,11,1,2434,198
irregular-n06-t064-b00064-frandom,irregular-n06-t064-b00064-frandom-p01,Accelerated,6,9,64,64,random,p01,64,292733958,12,1,5019,201
irregular-n06-t064-b00064-frandom,irregular-n06-t064-b00064-frandom-p01,Standard,6,9,64,64,random,p01,64,371444417,14,0,6519,135
irregular-n06-t064-b00064-frandom,irregular-n06-t064-b00064-frandom-p02,Standard,6,8,64,64,random,p02,64,380499500,15,0,6889,133
irregular-n06-t064-b00064-frandom,irregular-n06-t064-b00064-frandom-p02,Accelerated,6,8,64,64,random,p02,64,405153209,14,1,7535,198
irregular-n06-t064-b00064-frandom,irregular-n06-t064-b00064-frandom-p03,Accelerated,6,9,64,64,random,p03,64,426915084,13,1,7945,196
irregular-n06-t064-b00064-frandom,irregular-n06-t064-b00064-frandom-p03,Standard,6,9,64,64,random,p03,64,398602375,14,0,7247,134
irregular-n06-t064-b00064-frandom,irregular-n06-t064-b00064-frandom-p04,Standard,6,9,64,64,random,p04,64,302976542,13,0,5388,135
irregular-n06-t064-b00064-frandom,irregular-n06-t064-b00064-frandom-p04,Accelerated,6,9,64,64,random,p04,64,174003458,9,0,3009,135
irregular-n06-t064-b00064-frandom,irregular-n06-t064-b00064-frandom-p05,Accelerated,6,7,64,64,random,p05,64,364618334,18,3,7011,197
irregular-n06-t064-b00064-frandom,irregular-n06-t064-b00064-frandom-p05,Standard,6,7,64,64,random,p05,64,327827833,17,0,6198,132
irregular-n06-t128-b00001-falternating,irregular-n06-t128-b00001-falternating-p01,Standard,6,12,128,1,alternating,p01,2,262480625,14,0,4165,10
irregular-n06-t128-b00001-falternating,irregular-n06-t128-b00001-falternating-p01,Accelerated,6,12,128,1,alternating,p01,2,215255167,11,0,3512,10
irregular-n06-t128-b00001-falternating,irregular-n06-t128-b00001-falternating-p02,Accelerated,6,11,128,1,alternating,p02,2,199947208,13,1,2953,12
irregular-n06-t128-b00001-falternating,irregular-n06-t128-b00001-falternating-p02,Standard,6,11,128,1,alternating,p02,2,285570458,17,0,4366,10
irregular-n06-t128-b00001-falternating,irregular-n06-t128-b00001-falternating-p03,Standard,6,15,128,1,alternating,p03,2,409212709,14,0,5842,10
irregular-n06-t128-b00001-falternating,irregular-n06-t128-b00001-falternating-p03,Accelerated,6,15,128,1,alternating,p03,2,353778125,12,0,5106,10
irregular-n06-t128-b00001-falternating,irregular-n06-t128-b00001-falternating-p04,Accelerated,6,10,128,1,alternating,p04,2,179759792,10,0,2932,10
irregular-n06-t128-b00001-falternating,irregular-n06-t128-b00001-falternating-p04,Standard,6,10,128,1,alternating,p04,2,252380917,14,0,4135,10
irregular-n06-t128-b00001-falternating,irregular-n06-t128-b00001-falternating-p05,Standard,6,11,128,1,alternating,p05,2,289114292,13,0,4772,10
irregular-n06-t128-b00001-falternating,irregular-n06-t128-b00001-falternating-p05,Accelerated,6,11,128,1,alternating,p05,2,261897125,12,1,4310,13
irregular-n06-t128-b00001-frandom,irregular-n06-t128-b00001-frandom-p01,Accelerated,6,12,128,1,random,p01,2,383812625,11,0,6413,10
irregular-n06-t128-b00001-frandom,irregular-n06-t128-b00001-frandom-p01,Standard,6,12,128,1,random,p01,2,434953209,14,0,7115,10
irregular-n06-t128-b00001-frandom,irregular-n06-t128-b00001-frandom-p02,Standard,6,11,128,1,random,p02,2,343161458,13,0,5884,10
irregular-n06-t128-b00001-frandom,irregular-n06-t128-b00001-frandom-p02,Accelerated,6,11,128,1,random,p02,2,228263542,9,0,3937,10
irregular-n06-t128-b00001-frandom,irregular-n06-t128-b00001-frandom-p03,Accelerated,6,15,128,1,random,p03,2,529768916,10,0,8331,11
irregular-n06-t128-b00001-frandom,irregular-n06-t128-b00001-frandom-p03,Standard,6,15,128,1,random,p03,2,723981375,13,0,11337,11
irregular-n06-t128-b00001-frandom,irregular-n06-t128-b00001-frandom-p04,Standard,6,10,128,1,random,p04,2,336821833,13,0,6004,10
irregular-n06-t128-b00001-frandom,irregular-n06-t128-b00001-frandom-p04,Accelerated,6,10,128,1,random,p04,2,244616250,12,1,4258,10
irregular-n06-t128-b00001-frandom,irregular-n06-t128-b00001-frandom-p05,Accelerated,6,11,128,1,random,p05,2,340067792,11,0,5927,10
irregular-n06-t128-b00001-frandom,irregular-n06-t128-b00001-frandom-p05,Standard,6,11,128,1,random,p05,2,388102584,14,0,6587,10
irregular-n06-t128-b00008-falternating,irregular-n06-t128-b00008-falternating-p01,Standard,6,12,128,8,alternating,p01,8,275213750,14,0,4165,24
irregular-n06-t128-b00008-falternating,irregular-n06-t128-b00008-falternating-p01,Accelerated,6,12,128,8,alternating,p01,8,233857584,12,0,3555,24
irregular-n06-t128-b00008-falternating,irregular-n06-t128-b00008-falternating-p02,Accelerated,6,11,128,8,alternating,p02,8,198535708,13,1,2827,31
irregular-n06-t128-b00008-falternating,irregular-n06-t128-b00008-falternating-p02,Standard,6,11,128,8,alternating,p02,8,285446458,16,0,4260,23
irregular-n06-t128-b00008-falternating,irregular-n06-t128-b00008-falternating-p03,Standard,6,15,128,8,alternating,p03,8,470802625,15,0,6472,23
irregular-n06-t128-b00008-falternating,irregular-n06-t128-b00008-falternating-p03,Accelerated,6,15,128,8,alternating,p03,8,466202334,14,1,6366,32
irregular-n06-t128-b00008-falternating,irregular-n06-t128-b00008-falternating-p04,Accelerated,6,10,128,8,alternating,p04,8,237883458,14,1,3695,30
irregular-n06-t128-b00008-falternating,irregular-n06-t128-b00008-falternating-p04,Standard,6,10,128,8,alternating,p04,8,269278041,15,0,4178,22
irregular-n06-t128-b00008-falternating,irregular-n06-t128-b00008-falternating-p05,Standard,6,11,128,8,alternating,p05,8,300281583,13,0,4772,22
irregular-n06-t128-b00008-falternating,irregular-n06-t128-b00008-falternating-p05,Accelerated,6,11,128,8,alternating,p05,8,270593292,12,1,4310,32
irregular-n06-t128-b00008-frandom,irregular-n06-t128-b00008-frandom-p01,Accelerated,6,12,128,8,random,p01,8,295189833,9,0,4929,22
irregular-n06-t128-b00008-frandom,irregular-n06-t128-b00008-frandom-p01,Standard,6,12,128,8,random,p01,8,532408375,13,0,9081,22
irregular-n06-t128-b00008-frandom,irregular-n06-t128-b00008-frandom-p02,Standard,6,11,128,8,random,p02,8,411817625,13,0,6720,22
irregular-n06-t128-b00008-frandom,irregular-n06-t128-b00008-frandom-p02,Accelerated,6,11,128,8,random,p02,8,368463792,11,0,6072,22
irregular-n06-t128-b00008-frandom,irregular-n06-t128-b00008-frandom-p03,Accelerated,6,15,128,8,random,p03,8,545648000,11,0,8433,23
irregular-n06-t128-b00008-frandom,irregular-n06-t128-b00008-frandom-p03,Standard,6,15,128,8,random,p03,8,605989542,13,0,9207,23
irregular-n06-t128-b00008-frandom,irregular-n06-t128-b00008-frandom-p04,Standard,6,10,128,8,random,p04,8,325912625,13,0,5403,23
irregular-n06-t128-b00008-frandom,irregular-n06-t128-b00008-frandom-p04,Accelerated,6,10,128,8,random,p04,8,286164542,11,0,4797,23
irregular-n06-t128-b00008-frandom,irregular-n06-t128-b00008-frandom-p05,Accelerated,6,11,128,8,random,p05,8,621604958,15,2,10841,33
irregular-n06-t128-b00008-frandom,irregular-n06-t128-b00008-frandom-p05,Standard,6,11,128,8,random,p05,8,551495458,15,0,9421,23
irregular-n06-t128-b00064-falternating,irregular-n06-t128-b00064-falternating-p01,Standard,6,12,128,64,alternating,p01,64,276071541,14,0,4165,135
irregular-n06-t128-b00064-falternating,irregular-n06-t128-b00064-falternating-p01,Accelerated,6,12,128,64,alternating,p01,64,235226458,12,0,3555,135
irregular-n06-t128-b00064-falternating,irregular-n06-t128-b00064-falternating-p02,Accelerated,6,11,128,64,alternating,p02,64,188899834,11,0,2741,135
irregular-n06-t128-b00064-falternating,irregular-n06-t128-b00064-falternating-p02,Standard,6,11,128,64,alternating,p02,64,283842458,15,0,4217,135
irregular-n06-t128-b00064-falternating,irregular-n06-t128-b00064-falternating-p03,Standard,6,15,128,64,alternating,p03,64,423080291,14,0,5842,135
irregular-n06-t128-b00064-falternating,irregular-n06-t128-b00064-falternating-p03,Accelerated,6,15,128,64,alternating,p03,64,364105000,12,0,5106,135
irregular-n06-t128-b00064-falternating,irregular-n06-t128-b00064-falternating-p04,Accelerated,6,10,128,64,alternating,p04,64,238988083,13,1,3778,198
irregular-n06-t128-b00064-falternating,irregular-n06-t128-b00064-falternating-p04,Standard,6,10,128,64,alternating,p04,64,272836208,15,0,4241,133
irregular-n06-t128-b00064-falternating,irregular-n06-t128-b00064-falternating-p05,Standard,6,11,128,64,alternating,p05,64,344587416,14,0,5570,135
irregular-n06-t128-b00064-falternating,irregular-n06-t128-b00064-falternating-p05,Accelerated,6,11,128,64,alternating,p05,64,361183041,14,2,5906,200
irregular-n06-t128-b00064-frandom,irregular-n06-t128-b00064-frandom-p01,Accelerated,6,12,128,64,random,p01,64,707419917,15,2,11781,199
irregular-n06-t128-b00064-frandom,irregular-n06-t128-b00064-frandom-p01,Standard,6,12,128,64,random,p01,64,625674375,15,0,10215,134
irregular-n06-t128-b00064-frandom,irregular-n06-t128-b00064-frandom-p02,Standard,6,11,128,64,random,p02,64,425931541,13,0,7017,135
irregular-n06-t128-b00064-frandom,irregular-n06-t128-b00064-frandom-p02,Accelerated,6,11,128,64,random,p02,64,386510375,11,0,6453,135
irregular-n06-t128-b00064-frandom,irregular-n06-t128-b00064-frandom-p03,Accelerated,6,15,128,64,random,p03,64,549442959,10,0,8168,135
irregular-n06-t128-b00064-frandom,irregular-n06-t128-b00064-frandom-p03,Standard,6,15,128,64,random,p03,64,626094250,14,0,9070,135
irregular-n06-t128-b00064-frandom,irregular-n06-t128-b00064-frandom-p04,Standard,6,10,128,64,random,p04,64,345444542,13,0,5698,134
irregular-n06-t128-b00064-frandom,irregular-n06-t128-b00064-frandom-p04,Accelerated,6,10,128,64,random,p04,64,309004459,12,1,5135,195
irregular-n06-t128-b00064-frandom,irregular-n06-t128-b00064-frandom-p05,Accelerated,6,11,128,64,random,p05,64,492636209,14,1,7815,200
irregular-n06-t128-b00064-frandom,irregular-n06-t128-b00064-frandom-p05,Standard,6,11,128,64,random,p05,64,503657291,15,0,8001,135
irregular-n08-t064-b00001-falternating,irregular-n08-t064-b00001-falternating-p01,Standard,8,12,64,1,alternating,p01,2,1449518333,16,0,16279,12
irregular-n08-t064-b00001-falternating,irregular-n08-t064-b00001-falternating-p01,Accelerated,8,12,64,1,alternating,p01,2,913318791,12,1,10088,13
irregular-n08-t064-b00001-falternating,irregular-n08-t064-b00001-falternating-p02,Accelerated,8,14,64,1,alternating,p02,2,1116474000,13,1,11669,14
irregular-n08-t064-b00001-falternating,irregular-n08-t064-b00001-falternating-p02,Standard,8,14,64,1,alternating,p02,2,1841324042,17,0,19024,12
irregular-n08-t064-b00001-falternating,irregular-n08-t064-b00001-falternating-p03,Standard,8,16,64,1,alternating,p03,2,1813979541,15,0,18253,12
irregular-n08-t064-b00001-falternating,irregular-n08-t064-b00001-falternating-p03,Accelerated,8,16,64,1,alternating,p03,2,1943904834,14,1,19204,16
irregular-n08-t064-b00001-falternating,irregular-n08-t064-b00001-falternating-p04,Accelerated,8,9,64,1,alternating,p04,2,658060750,11,1,8842,12
irregular-n08-t064-b00001-falternating,irregular-n08-t064-b00001-falternating-p04,Standard,8,9,64,1,alternating,p04,2,994858125,15,0,13389,12
irregular-n08-t064-b00001-falternating,irregular-n08-t064-b00001-falternating-p05,Standard,8,14,64,1,alternating,p05,2,1738819958,15,0,18599,12
irregular-n08-t064-b00001-falternating,irregular-n08-t064-b00001-falternating-p05,Accelerated,8,14,64,1,alternating,p05,2,1375387250,13,1,14635,16
irregular-n08-t064-b00001-frandom,irregular-n08-t064-b00001-frandom-p01,Accelerated,8,12,64,1,random,p01,2,1363233375,10,0,16349,12
irregular-n08-t064-b00001-frandom,irregular-n08-t064-b00001-frandom-p01,Standard,8,12,64,1,random,p01,2,1428535917,14,0,16910,12
irregular-n08-t064-b00001-frandom,irregular-n08-t064-b00001-frandom-p02,Standard,8,14,64,1,random,p02,2,2913227542,15,0,33106,12
irregular-n08-t064-b00001-frandom,irregular-n08-t064-b00001-frandom-p02,Accelerated,8,14,64,1,random,p02,2,1265732500,9,0,14627,12
irregular-n08-t064-b00001-frandom,irregular-n08-t064-b00001-frandom-p03,Accelerated,8,16,64,1,random,p03,2,5535948916,17,3,59348,14
irregular-n08-t064-b00001-frandom,irregular-n08-t064-b00001-frandom-p03,Standard,8,16,64,1,random,p03,2,4305471166,18,0,45180,12
irregular-n08-t064-b00001-frandom,irregular-n08-t064-b00001-frandom-p04,Standard,8,9,64,1,random,p04,2,1448771750,16,0,20421,12
irregular-n08-t064-b00001-frandom,irregular-n08-t064-b00001-frandom-p04,Accelerated,8,9,64,1,random,p04,2,1151346875,14,1,16338,12
irregular-n08-t064-b00001-frandom,irregular-n08-t064-b00001-frandom-p05,Accelerated,8,14,64,1,random,p05,2,1881929125,11,0,21566,12
irregular-n08-t064-b00001-frandom,irregular-n08-t064-b00001-frandom-p05,Standard,8,14,64,1,random,p05,2,2058832042,14,0,23159,12
irregular-n08-t064-b00008-falternating,irregular-n08-t064-b00008-falternating-p01,Standard,8,12,64,8,alternating,p01,8,1596830917,17,0,17032,23
irregular-n08-t064-b00008-falternating,irregular-n08-t064-b00008-falternating-p01,Accelerated,8,12,64,8,alternating,p01,8,1853972667,20,4,20000,33
irregular-n08-t064-b00008-falternating,irregular-n08-t064-b00008-falternating-p02,Accelerated,8,14,64,8,alternating,p02,8,1486130625,14,1,14708,33
irregular-n08-t064-b00008-falternating,irregular-n08-t064-b00008-falternating-p02,Standard,8,14,64,8,alternating,p02,8,1924591166,17,0,19024,23
irregular-n08-t064-b00008-falternating,irregular-n08-t064-b00008-falternating-p03,Standard,8,16,64,8,alternating,p03,8,2440095834,18,0,23664,23
irregular-n08-t064-b00008-falternating,irregular-n08-t064-b00008-falternating-p03,Accelerated,8,16,64,8,alternating,p03,8,2903179458,20,4,27420,33
irregular-n08-t064-b00008-falternating,irregular-n08-t064-b00008-falternating-p04,Accelerated,8,9,64,8,alternating,p04,8,729538917,11,1,8842,30
irregular-n08-t064-b00008-falternating,irregular-n08-t064-b00008-falternating-p04,Standard,8,9,64,8,alternating,p04,8,1291317834,17,0,15523,21
irregular-n08-t064-b00008-falternating,irregular-n08-t064-b00008-falternating-p05,Standard,8,14,64,8,alternating,p05,9,1994088458,18,0,20228,23
irregular-n08-t064-b00008-falternating,irregular-n08-t064-b00008-falternating-p05,Accelerated,8,14,64,8,alternating,p05,9,1750838250,18,3,17262,34
irregular-n08-t064-b00008-frandom,irregular-n08-t064-b00008-frandom-p01,Accelerated,8,12,64,8,random,p01,8,1651570333,10,0,19683,22
irregular-n08-t064-b00008-frandom,irregular-n08-t064-b00008-frandom-p01,Standard,8,12,64,8,random,p01,8,1775825083,12,0,21171,22
irregular-n08-t064-b00008-frandom,irregular-n08-t064-b00008-frandom-p02,Standard,8,14,64,8,random,p02,8,3241873500,15,0,36402,23
irregular-n08-t064-b00008-frandom,irregular-n08-t064-b00008-frandom-p02,Accelerated,8,14,64,8,random,p02,8,4092976958,14,2,47121,30
irregular-n08-t064-b00008-frandom,irregular-n08-t064-b00008-frandom-p03,Accelerated,8,16,64,8,random,p03,8,4148736375,16,2,45107,32
irregular-n08-t064-b00008-frandom,irregular-n08-t064-b00008-frandom-p03,Standard,8,16,64,8,random,p03,8,3660531584,16,0,38235,23
irregular-n08-t064-b00008-frandom,irregular-n08-t064-b00008-frandom-p04,Standard,8,9,64,8,random,p04,8,1712648834,17,0,22156,22
irregular-n08-t064-b00008-frandom,irregular-n08-t064-b00008-frandom-p04,Accelerated,8,9,64,8,random,p04,8,1896668542,18,3,25577,32
irregular-n08-t064-b00008-frandom,irregular-n08-t064-b00008-frandom-p05,Accelerated,8,14,64,8,random,p05,8,2332006459,16,2,25322,31
irregular-n08-t064-b00008-frandom,irregular-n08-t064-b00008-frandom-p05,Standard,8,14,64,8,random,p05,8,2865905666,18,0,30996,22
irregular-n08-t064-b00064-falternating,irregular-n08-t064-b00064-falternating-p01,Standard,8,12,64,64,alternating,p01,64,1368967500,16,0,14768,134
irregular-n08-t064-b00064-falternating,irregular-n08-t064-b00064-falternating-p01,Accelerated,8,12,64,64,alternating,p01,64,1368637750,16,2,14768,201
irregular-n08-t064-b00064-falternating,irregular-n08-t064-b00064-falternating-p02,Accelerated,8,14,64,64,alternating,p02,64,1777633834,16,2,17116,202
irregular-n08-t064-b00064-falternating,irregular-n08-t064-b00064-falternating-p02,Standard,8,14,64,64,alternating,p02,64,2016666584,17,0,19876,135
irregular-n08-t064-b00064-falternating,irregular-n08-t064-b00064-falternating-p03,Standard,8,16,64,64,alternating,p03,64,2119929667,16,0,19908,136
irregular-n08-t064-b00064-falternating,irregular-n08-t064-b00064-falternating-p03,Accelerated,8,16,64,64,alternating,p03,64,2142898250,16,2,19908,202
irregular-n08-t064-b00064-falternating,irregular-n08-t064-b00064-falternating-p04,Accelerated,8,9,64,64,alternating,p04,64,902878291,13,2,10390,200
irregular-n08-t064-b00064-falternating,irregular-n08-t064-b00064-falternating-p04,Standard,8,9,64,64,alternating,p04,64,1362152334,18,0,16297,134
irregular-n08-t064-b00064-falternating,irregular-n08-t064-b00064-falternating-p05,Standard,8,14,64,64,alternating,p05,64,2067931792,19,0,20580,135
irregular-n08-t064-b00064-falternating,irregular-n08-t064-b00064-falternating-p05,Accelerated,8,14,64,64,alternating,p05,64,1854094084,18,3,17820,333
irregular-n08-t064-b00064-frandom,irregular-n08-t064-b00064-frandom-p01,Accelerated,8,12,64,64,random,p01,64,3162918041,20,4,35285,199
irregular-n08-t064-b00064-frandom,irregular-n08-t064-b00064-frandom-p01,Standard,8,12,64,64,random,p01,64,2775144584,18,0,29716,133
irregular-n08-t064-b00064-frandom,irregular-n08-t064-b00064-frandom-p02,Standard,8,14,64,64,random,p02,64,2610707375,15,0,26168,134
irregular-n08-t064-b00064-frandom,irregular-n08-t064-b00064-frandom-p02,Accelerated,8,14,64,64,random,p02,64,2491476333,14,1,25347,199
irregular-n08-t064-b00064-frandom,irregular-n08-t064-b00064-frandom-p03,Accelerated,8,16,64,64,random,p03,64,4027360042,14,2,41818,202
irregular-n08-t064-b00064-frandom,irregular-n08-t064-b00064-frandom-p03,Standard,8,16,64,64,random,p03,64,3641853583,16,0,36012,135
irregular-n08-t064-b00064-frandom,irregular-n08-t064-b00064-frandom-p04,Standard,8,9,64,64,random,p04,64,1707205541,16,0,21700,134
irregular-n08-t064-b00064-frandom,irregular-n08-t064-b00064-frandom-p04,Accelerated,8,9,64,64,random,p04,64,1929742375,16,2,24665,196
irregular-n08-t064-b00064-frandom,irregular-n08-t064-b00064-frandom-p05,Accelerated,8,14,64,64,random,p05,64,2565699333,13,1,26387,200
irregular-n08-t064-b00064-frandom,irregular-n08-t064-b00064-frandom-p05,Standard,8,14,64,64,random,p05,64,2566409708,14,0,26843,134
irregular-n08-t128-b00001-falternating,irregular-n08-t128-b00001-falternating-p01,Standard,8,17,128,1,alternating,p01,2,2321310458,13,0,22904,12
irregular-n08-t128-b00001-falternating,irregular-n08-t128-b00001-falternating-p01,Accelerated,8,17,128,1,alternating,p01,2,2540075208,12,1,25002,12
irregular-n08-t128-b00001-falternating,irregular-n08-t128-b00001-falternating-p02,Accelerated,8,21,128,1,alternating,p02,2,3113384209,14,1,24732,16
irregular-n08-t128-b00001-falternating,irregular-n08-t128-b00001-falternating-p02,Standard,8,21,128,1,alternating,p02,2,3080196833,15,0,25084,12
irregular-n08-t128-b00001-falternating,irregular-n08-t128-b00001-falternating-p03,Standard,8,24,128,1,alternating,p03,2,4011505000,16,0,32143,12
irregular-n08-t128-b00001-falternating,irregular-n08-t128-b00001-falternating-p03,Accelerated,8,24,128,1,alternating,p03,2,3139552250,14,1,24602,16
irregular-n08-t128-b00001-falternating,irregular-n08-t128-b00001-falternating-p04,Accelerated,8,15,128,1,alternating,p04,2,2504599125,18,3,23279,14
irregular-n08-t128-b00001-falternating,irregular-n08-t128-b00001-falternating-p04,Standard,8,15,128,1,alternating,p04,2,2146188667,18,0,20382,12
irregular-n08-t128-b00001-falternating,irregular-n08-t128-b00001-falternating-p05,Standard,8,19,128,1,alternating,p05,2,2272520375,15,0,19947,12
irregular-n08-t128-b00001-falternating,irregular-n08-t128-b00001-falternating-p05,Accelerated,8,19,128,1,alternating,p05,2,1678489750,12,0,15015,12
irregular-n08-t128-b00001-frandom,irregular-n08-t128-b00001-frandom-p01,Accelerated,8,17,128,1,random,p01,2,1526048667,11,0,15468,12
irregular-n08-t128-b00001-frandom,irregular-n08-t128-b00001-frandom-p01,Standard,8,17,128,1,random,p01,2,2236081292,15,0,22235,12
irregular-n08-t128-b00001-frandom,irregular-n08-t128-b00001-frandom-p02,Standard,8,21,128,1,random,p02,2,4982854250,15,0,42433,12
irregular-n08-t128-b00001-frandom,irregular-n08-t128-b00001-frandom-p02,Accelerated,8,21,128,1,random,p02,2,2709435167,12,1,23441,13
irregular-n08-t128-b00001-frandom,irregular-n08-t128-b00001-frandom-p03,Accelerated,8,24,128,1,random,p03,2,4924132542,12,0,40335,12
irregular-n08-t128-b00001-frandom,irregular-n08-t128-b00001-frandom-p03,Standard,8,24,128,1,random,p03,2,6840775458,15,0,53707,12
irregular-n08-t128-b00001-frandom,irregular-n08-t128-b00001-frandom-p04,Standard,8,15,128,1,random,p04,2,2594083000,13,0,27186,12
irregular-n08-t128-b00001-frandom,irregular-n08-t128-b00001-frandom-p04,Accelerated,8,15,128,1,random,p04,2,2466655208,11,0,25823,12
irregular-n08-t128-b00001-frandom,irregular-n08-t128-b00001-frandom-p05,Accelerated,8,19,128,1,random,p05,2,2629044584,11,1,25872,12
irregular-n08-t128-b00001-frandom,irregular-n08-t128-b00001-frandom-p05,Standard,8,19,128,1,random,p05,2,2559691333,13,0,23646,12
irregular-n08-t128-b00008-falternating,irregular-n08-t128-b00008-falternating-p01,Standard,8,17,128,8,alternating,p01,8,2620559208,14,0,24366,24
irregular-n08-t128-b00008-falternating,irregular-n08-t128-b00008-falternating-p01,Accelerated,8,17,128,8,alternating,p01,8,3006357917,14,2,27926,33
irregular-n08-t128-b00008-falternating,irregular-n08-t128-b00008-falternating-p02,Accelerated,8,21,128,8,alternating,p02,8,3146646541,14,1,24732,35
irregular-n08-t128-b00008-falternating,irregular-n08-t128-b00008-falternating-p02,Standard,8,21,128,8,alternating,p02,8,3234663667,15,0,25084,24
irregular-n08-t128-b00008-falternating,irregular-n08-t128-b00008-falternating-p03,Standard,8,24,128,8,alternating,p03,8,4172935916,16,0,32143,25
irregular-n08-t128-b00008-falternating,irregular-n08-t128-b00008-falternating-p03,Accelerated,8,24,128,8,alternating,p03,8,3260388292,14,1,24602,36
irregular-n08-t128-b00008-falternating,irregular-n08-t128-b00008-falternating-p04,Accelerated,8,15,128,8,alternating,p04,8,1656640375,14,1,14759,32
irregular-n08-t128-b00008-falternating,irregular-n08-t128-b00008-falternating-p04,Standard,8,15,128,8,alternating,p04,8,1713927416,14,0,15697,23
irregular-n08-t128-b00008-falternating,irregular-n08-t128-b00008-falternating-p05,Standard,8,19,128,8,alternating,p05,8,2937997167,19,0,23640,23
irregular-n08-t128-b00008-falternating,irregular-n08-t128-b00008-falternating-p05,Accelerated,8,19,128,8,alternating,p05,8,2920161917,20,4,22401,40
irregular-n08-t128-b00008-frandom,irregular-n08-t128-b00008-frandom-p01,Accelerated,8,17,128,8,random,p01,8,2926888542,11,0,28875,24
irregular-n08-t128-b00008-frandom,irregular-n08-t128-b00008-frandom-p01,Standard,8,17,128,8,random,p01,8,3959165667,14,0,38579,24
irregular-n08-t128-b00008-frandom,irregular-n08-t128-b00008-frandom-p02,Standard,8,21,128,8,random,p02,8,6117762125,17,0,49618,24
irregular-n08-t128-b00008-frandom,irregular-n08-t128-b00008-frandom-p02,Accelerated,8,21,128,8,random,p02,8,4912226916,14,1,39471,33
irregular-n08-t128-b00008-frandom,irregular-n08-t128-b00008-frandom-p03,Accelerated,8,24,128,8,random,p03,9,3754824250,13,1,29909,30
irregular-n08-t128-b00008-frandom,irregular-n08-t128-b00008-frandom-p03,Standard,8,24,128,8,random,p03,9,6902383125,17,0,54413,24
irregular-n08-t128-b00008-frandom,irregular-n08-t128-b00008-frandom-p04,Standard,8,15,128,8,random,p04,8,4127946083,17,0,41626,22
irregular-n08-t128-b00008-frandom,irregular-n08-t128-b00008-frandom-p04,Accelerated,8,15,128,8,random,p04,8,3950532833,16,2,39953,28
irregular-n08-t128-b00008-frandom,irregular-n08-t128-b00008-frandom-p05,Accelerated,8,19,128,8,random,p05,8,8049598541,22,5,71729,35
irregular-n08-t128-b00008-frandom,irregular-n08-t128-b00008-frandom-p05,Standard,8,19,128,8,random,p05,8,6206759166,18,0,53796,24
irregular-n08-t128-b00064-falternating,irregular-n08-t128-b00064-falternating-p01,Standard,8,17,128,64,alternating,p01,64,2677858833,14,0,24366,135
irregular-n08-t128-b00064-falternating,irregular-n08-t128-b00064-falternating-p01,Accelerated,8,17,128,64,alternating,p01,64,2220059875,12,1,20102,199
irregular-n08-t128-b00064-falternating,irregular-n08-t128-b00064-falternating-p02,Accelerated,8,21,128,64,alternating,p02,64,2801039500,14,1,21824,203
irregular-n08-t128-b00064-falternating,irregular-n08-t128-b00064-falternating-p02,Standard,8,21,128,64,alternating,p02,64,3020967709,15,0,23630,137
irregular-n08-t128-b00064-falternating,irregular-n08-t128-b00064-falternating-p03,Standard,8,24,128,64,alternating,p03,64,3622973291,14,0,26314,137
irregular-n08-t128-b00064-falternating,irregular-n08-t128-b00064-falternating-p03,Accelerated,8,24,128,64,alternating,p03,64,3184934750,12,0,23898,137
irregular-n08-t128-b00064-falternating,irregular-n08-t128-b00064-falternating-p04,Accelerated,8,15,128,64,alternating,p04,64,2530863667,18,3,23279,202
irregular-n08-t128-b00064-falternating,irregular-n08-t128-b00064-falternating-p04,Standard,8,15,128,64,alternating,p04,64,2250213792,18,0,20382,135
irregular-n08-t128-b00064-falternating,irregular-n08-t128-b00064-falternating-p05,Standard,8,19,128,64,alternating,p05,64,2680344416,17,0,21654,136
irregular-n08-t128-b00064-falternating,irregular-n08-t128-b00064-falternating-p05,Accelerated,8,19,128,64,alternating,p05,64,2870498708,18,3,21697,266
irregular-n08-t128-b00064-frandom,irregular-n08-t128-b00064-frandom-p01,Accelerated,8,17,128,64,random,p01,64,4350277416,16,2,43964,198
irregular-n08-t128-b00064-frandom,irregular-n08-t128-b00064-frandom-p01,Standard,8,17,128,64,random,p01,64,3882420959,15,0,37784,136
irregular-n08-t128-b00064-frandom,irregular-n08-t128-b00064-frandom-p02,Standard,8,21,128,64,random,p02,64,4511371416,13,0,37665,136
irregular-n08-t128-b00064-frandom,irregular-n08-t128-b00064-frandom-p02,Accelerated,8,21,128,64,random,p02,64,4169293792,11,0,35403,136
irregular-n08-t128-b00064-frandom,irregular-n08-t128-b00064-frandom-p03,Accelerated,8,24,128,64,random,p03,64,6043724333,14,1,44883,203
irregular-n08-t128-b00064-frandom,irregular-n08-t128-b00064-frandom-p03,Standard,8,24,128,64,random,p03,64,6022721792,15,0,45339,136
irregular-n08-t128-b00064-frandom,irregular-n08-t128-b00064-frandom-p04,Standard,8,15,128,64,random,p04,64,4291501542,18,0,42533,135
irregular-n08-t128-b00064-frandom,irregular-n08-t128-b00064-frandom-p04,Accelerated,8,15,128,64,random,p04,64,5507918416,21,5,55963,200
irregular-n08-t128-b00064-frandom,irregular-n08-t128-b00064-frandom-p05,Accelerated,8,19,128,64,random,p05,64,6136246708,16,2,53267,202
irregular-n08-t128-b00064-frandom,irregular-n08-t128-b00064-frandom-p05,Standard,8,19,128,64,random,p05,64,5305793875,16,0,45021,136
irregular-n12-t064-b00001-falternating,irregular-n12-t064-b00001-falternating-p01,Standard,12,30,64,1,alternating,p01,2,47273988625,17,0,164771,16
irregular-n12-t064-b00001-falternating,irregular-n12-t064-b00001-falternating-p01,Accelerated,12,30,64,1,alternating,p01,2,51202048958,16,2,185981,17
irregular-n12-t064-b00001-falternating,irregular-n12-t064-b00001-falternating-p02,Accelerated,12,23,64,1,alternating,p02,2,23563305958,16,2,107083,17
irregular-n12-t064-b00001-falternating,irregular-n12-t064-b00001-falternating-p02,Standard,12,23,64,1,alternating,p02,2,27990357708,17,0,127286,16
irregular-n12-t064-b00001-falternating,irregular-n12-t064-b00001-falternating-p03,Standard,12,25,64,1,alternating,p03,2,26668717333,15,0,111697,16
irregular-n12-t064-b00001-falternating,irregular-n12-t064-b00001-falternating-p03,Accelerated,12,25,64,1,alternating,p03,2,24729195625,14,1,106147,16
irregular-n12-t064-b00001-falternating,irregular-n12-t064-b00001-falternating-p04,Accelerated,12,20,64,1,alternating,p04,2,14534093750,12,1,81577,16
irregular-n12-t064-b00001-falternating,irregular-n12-t064-b00001-falternating-p04,Standard,12,20,64,1,alternating,p04,2,20212755166,17,0,108106,16
irregular-n12-t064-b00001-falternating,irregular-n12-t064-b00001-falternating-p05,Standard,12,27,64,1,alternating,p05,2,33181324875,17,0,148814,16
irregular-n12-t064-b00001-falternating,irregular-n12-t064-b00001-falternating-p05,Accelerated,12,27,64,1,alternating,p05,2,37501624792,16,2,170443,16
irregular-n12-t064-b00001-frandom,irregular-n12-t064-b00001-frandom-p01,Accelerated,12,30,64,1,random,p01,2,78089923542,15,2,325193,16
irregular-n12-t064-b00001-frandom,irregular-n12-t064-b00001-frandom-p01,Standard,12,30,64,1,random,p01,2,79337286958,16,0,333292,16
irregular-n12-t064-b00001-frandom,irregular-n12-t064-b00001-frandom-p02,Standard,12,23,64,1,random,p02,2,38061386292,19,0,191090,16
irregular-n12-t064-b00001-frandom,irregular-n12-t064-b00001-frandom-p02,Accelerated,12,23,64,1,random,p02,2,46067741209,20,4,228910,16
irregular-n12-t064-b00001-frandom,irregular-n12-t064-b00001-frandom-p03,Accelerated,12,25,64,1,random,p03,2,22548435500,10,0,113615,16
irregular-n12-t064-b00001-frandom,irregular-n12-t064-b00001-frandom-p03,Standard,12,25,64,1,random,p03,2,45656894000,14,0,214196,16
irregular-n12-t064-b00001-frandom,irregular-n12-t064-b00001-frandom-p04,Standard,12,20,64,1,random,p04,2,27199269458,16,0,160328,16
irregular-n12-t064-b00001-frandom,irregular-n12-t064-b00001-frandom-p04,Accelerated,12,20,64,1,random,p04,2,12998203542,10,0,86032,16
irregular-n12-t064-b00001-frandom,irregular-n12-t064-b00001-frandom-p05,Accelerated,12,27,64,1,random,p05,2,21450927833,9,0,116801,16
irregular-n12-t064-b00001-frandom,irregular-n12-t064-b00001-frandom-p05,Standard,12,27,64,1,random,p05,2,46466962250,14,0,225698,16
irregular-n12-t064-b00008-falternating,irregular-n12-t064-b00008-falternating-p01,Standard,12,30,64,8,alternating,p01,9,38849806625,18,0,141100,25
irregular-n12-t064-b00008-falternating,irregular-n12-t064-b00008-falternating-p01,Accelerated,12,30,64,8,alternating,p01,9,42572826542,20,4,143875,43
irregular-n12-t064-b00008-falternating,irregular-n12-t064-b00008-falternating-p02,Accelerated,12,23,64,8,alternating,p02,8,34371296125,20,4,152725,33
irregular-n12-t064-b00008-falternating,irregular-n12-t064-b00008-falternating-p02,Standard,12,23,64,8,alternating,p02,8,29474376625,18,0,129904,24
irregular-n12-t064-b00008-falternating,irregular-n12-t064-b00008-falternating-p03,Standard,12,25,64,8,alternating,p03,8,36399574292,19,0,145334,24
irregular-n12-t064-b00008-falternating,irregular-n12-t064-b00008-falternating-p03,Accelerated,12,25,64,8,alternating,p03,8,41647697041,22,5,173421,40
irregular-n12-t064-b00008-falternating,irregular-n12-t064-b00008-falternating-p04,Accelerated,12,20,64,8,alternating,p04,8,18422366875,15,2,93075,33
irregular-n12-t064-b00008-falternating,irregular-n12-t064-b00008-falternating-p04,Standard,12,20,64,8,alternating,p04,8,22233302834,19,0,112703,23
irregular-n12-t064-b00008-falternating,irregular-n12-t064-b00008-falternating-p05,Standard,12,27,64,8,alternating,p05,9,34992376042,17,0,154651,24
irregular-n12-t064-b00008-falternating,irregular-n12-t064-b00008-falternating-p05,Accelerated,12,27,64,8,alternating,p05,9,39465984667,18,3,182431,34
irregular-n12-t064-b00008-frandom,irregular-n12-t064-b00008-frandom-p01,Accelerated,12,30,64,8,random,p01,8,57152634084,14,1,209333,33
irregular-n12-t064-b00008-frandom,irregular-n12-t064-b00008-frandom-p01,Standard,12,30,64,8,random,p01,8,56830122667,15,0,217432,25
irregular-n12-t064-b00008-frandom,irregular-n12-t064-b00008-frandom-p02,Standard,12,23,64,8,random,p02,8,44929449333,17,0,216896,25
irregular-n12-t064-b00008-frandom,irregular-n12-t064-b00008-frandom-p02,Accelerated,12,23,64,8,random,p02,8,33707180708,16,2,164981,36
irregular-n12-t064-b00008-frandom,irregular-n12-t064-b00008-frandom-p03,Accelerated,12,25,64,8,random,p03,8,55209532542,16,2,277473,32
irregular-n12-t064-b00008-frandom,irregular-n12-t064-b00008-frandom-p03,Standard,12,25,64,8,random,p03,8,48881643041,15,0,231816,25
irregular-n12-t064-b00008-frandom,irregular-n12-t064-b00008-frandom-p04,Standard,12,20,64,8,random,p04,8,27223062708,15,0,151575,24
irregular-n12-t064-b00008-frandom,irregular-n12-t064-b00008-frandom-p04,Accelerated,12,20,64,8,random,p04,8,27936001958,16,2,153171,33
irregular-n12-t064-b00008-frandom,irregular-n12-t064-b00008-frandom-p05,Accelerated,12,27,64,8,random,p05,8,78648284125,20,4,314405,35
irregular-n12-t064-b00008-frandom,irregular-n12-t064-b00008-frandom-p05,Standard,12,27,64,8,random,p05,8,65336354458,18,0,259114,25
irregular-n12-t064-b00064-falternating,irregular-n12-t064-b00064-falternating-p01,Standard,12,30,64,64,alternating,p01,64,49115756917,18,0,164928,137
irregular-n12-t064-b00064-falternating,irregular-n12-t064-b00064-falternating-p01,Accelerated,12,30,64,64,alternating,p01,64,55133973917,18,3,191217,268
irregular-n12-t064-b00064-falternating,irregular-n12-t064-b00064-falternating-p02,Accelerated,12,23,64,64,alternating,p02,64,34166249875,20,4,152725,201
irregular-n12-t064-b00064-falternating,irregular-n12-t064-b00064-falternating-p02,Standard,12,23,64,64,alternating,p02,64,29608123375,19,0,130061,136
irregular-n12-t064-b00064-falternating,irregular-n12-t064-b00064-falternating-p03,Standard,12,25,64,64,alternating,p03,64,36941100666,19,0,145334,136
irregular-n12-t064-b00064-falternating,irregular-n12-t064-b00064-falternating-p03,Accelerated,12,25,64,64,alternating,p03,64,42768473292,22,5,173421,265
irregular-n12-t064-b00064-falternating,irregular-n12-t064-b00064-falternating-p04,Accelerated,12,20,64,64,alternating,p04,64,19471294625,15,2,93075,202
irregular-n12-t064-b00064-falternating,irregular-n12-t064-b00064-falternating-p04,Standard,12,20,64,64,alternating,p04,64,24338003500,18,0,112546,136
irregular-n12-t064-b00064-falternating,irregular-n12-t064-b00064-falternating-p05,Standard,12,27,64,64,alternating,p05,64,37972096166,17,0,154651,137
irregular-n12-t064-b00064-falternating,irregular-n12-t064-b00064-falternating-p05,Accelerated,12,27,64,64,alternating,p05,64,44260983333,18,3,182431,202
irregular-n12-t064-b00064-frandom,irregular-n12-t064-b00064-frandom-p01,Accelerated,12,30,64,64,random,p01,64,98679472584,20,4,348365,206
irregular-n12-t064-b00064-frandom,irregular-n12-t064-b00064-frandom-p01,Standard,12,30,64,64,random,p01,64,81000449958,19,0,287105,138
irregular-n12-t064-b00064-frandom,irregular-n12-t064-b00064-frandom-p02,Standard,12,23,64,64,random,p02,64,47033508792,15,0,207646,137
irregular-n12-t064-b00064-frandom,irregular-n12-t064-b00064-frandom-p02,Accelerated,12,23,64,64,random,p02,64,54781840916,13,1,247116,199
irregular-n12-t064-b00064-frandom,irregular-n12-t064-b00064-frandom-p03,Accelerated,12,25,64,64,random,p03,64,66041655708,16,2,277473,200
irregular-n12-t064-b00064-frandom,irregular-n12-t064-b00064-frandom-p03,Standard,12,25,64,64,random,p03,64,52100811750,16,0,233412,137
irregular-n12-t064-b00064-frandom,irregular-n12-t064-b00064-frandom-p04,Standard,12,20,64,64,random,p04,64,46077790875,19,0,235008,136
irregular-n12-t064-b00064-frandom,irregular-n12-t064-b00064-frandom-p04,Accelerated,12,20,64,64,random,p04,64,29926953750,18,3,153485,203
irregular-n12-t064-b00064-frandom,irregular-n12-t064-b00064-frandom-p05,Accelerated,12,27,64,64,random,p05,64,42927159042,9,0,180896,137
irregular-n12-t064-b00064-frandom,irregular-n12-t064-b00064-frandom-p05,Standard,12,27,64,64,random,p05,64,43500088334,13,0,188800,137
irregular-n12-t128-b00001-falternating,irregular-n12-t128-b00001-falternating-p01,Standard,12,44,128,1,alternating,p01,2,54916399167,15,0,155983,16
irregular-n12-t128-b00001-falternating,irregular-n12-t128-b00001-falternating-p01,Accelerated,12,44,128,1,alternating,p01,2,49959793500,14,1,146215,19
irregular-n12-t128-b00001-falternating,irregular-n12-t128-b00001-falternating-p02,Accelerated,12,38,128,1,alternating,p02,2,71132952750,16,2,233924,16
irregular-n12-t128-b00001-falternating,irregular-n12-t128-b00001-falternating-p02,Standard,12,38,128,1,alternating,p02,2,74102046875,18,0,242517,16
irregular-n12-t128-b00001-falternating,irregular-n12-t128-b00001-falternating-p03,Standard,12,35,128,1,alternating,p03,2,44551160875,15,0,150355,16
irregular-n12-t128-b00001-falternating,irregular-n12-t128-b00001-falternating-p03,Accelerated,12,35,128,1,alternating,p03,2,41624789750,14,1,142585,17
irregular-n12-t128-b00001-falternating,irregular-n12-t128-b00001-falternating-p04,Accelerated,12,34,128,1,alternating,p04,2,41814432541,16,2,151160,16
irregular-n12-t128-b00001-falternating,irregular-n12-t128-b00001-falternating-p04,Standard,12,34,128,1,alternating,p04,2,51980558917,17,0,188548,16
irregular-n12-t128-b00001-falternating,irregular-n12-t128-b00001-falternating-p05,Standard,12,36,128,1,alternating,p05,2,53291431000,16,0,196231,16
irregular-n12-t128-b00001-falternating,irregular-n12-t128-b00001-falternating-p05,Accelerated,12,36,128,1,alternating,p05,2,42459278542,14,1,157281,16
irregular-n12-t128-b00001-frandom,irregular-n12-t128-b00001-frandom-p01,Accelerated,12,44,128,1,random,p01,2,71908199708,10,0,225304,16
irregular-n12-t128-b00001-frandom,irregular-n12-t128-b00001-frandom-p01,Standard,12,44,128,1,random,p01,2,131403270459,15,0,371606,16
irregular-n12-t128-b00001-frandom,irregular-n12-t128-b00001-frandom-p02,Standard,12,38,128,1,random,p02,2,106573770750,17,0,363836,16
irregular-n12-t128-b00001-frandom,irregular-n12-t128-b00001-frandom-p02,Accelerated,12,38,128,1,random,p02,2,145879870208,18,3,483193,17
irregular-n12-t128-b00001-frandom,irregular-n12-t128-b00001-frandom-p03,Accelerated,12,35,128,1,random,p03,2,56482987292,12,0,205539,16
irregular-n12-t128-b00001-frandom,irregular-n12-t128-b00001-frandom-p03,Standard,12,35,128,1,random,p03,2,58307421250,14,0,214597,16
irregular-n12-t128-b00001-frandom,irregular-n12-t128-b00001-frandom-p04,Standard,12,34,128,1,random,p04,2,83497066041,14,0,312365,16
irregular-n12-t128-b00001-frandom,irregular-n12-t128-b00001-frandom-p04,Accelerated,12,34,128,1,random,p04,2,59123601458,11,0,234059,16
irregular-n12-t128-b00001-frandom,irregular-n12-t128-b00001-frandom-p05,Accelerated,12,36,128,1,random,p05,2,43179621042,12,1,165286,19
irregular-n12-t128-b00001-frandom,irregular-n12-t128-b00001-frandom-p05,Standard,12,36,128,1,random,p05,2,109256127625,18,0,375111,16
irregular-n12-t128-b00008-falternating,irregular-n12-t128-b00008-falternating-p01,Standard,12,44,128,8,alternating,p01,8,54837602750,15,0,155983,27
irregular-n12-t128-b00008-falternating,irregular-n12-t128-b00008-falternating-p01,Accelerated,12,44,128,8,alternating,p01,8,51657300417,14,1,146215,36
irregular-n12-t128-b00008-falternating,irregular-n12-t128-b00008-falternating-p02,Accelerated,12,38,128,8,alternating,p02,8,89577070500,24,6,273218,44
irregular-n12-t128-b00008-falternating,irregular-n12-t128-b00008-falternating-p02,Standard,12,38,128,8,alternating,p02,8,69462700875,20,0,222996,26
irregular-n12-t128-b00008-falternating,irregular-n12-t128-b00008-falternating-p03,Standard,12,35,128,8,alternating,p03,9,45487556167,17,0,153130,26
irregular-n12-t128-b00008-falternating,irregular-n12-t128-b00008-falternating-p03,Accelerated,12,35,128,8,alternating,p03,9,43616468458,18,3,148135,44
irregular-n12-t128-b00008-falternating,irregular-n12-t128-b00008-falternating-p04,Accelerated,12,34,128,8,alternating,p04,8,83583506041,22,5,301026,44
irregular-n12-t128-b00008-falternating,irregular-n12-t128-b00008-falternating-p04,Standard,12,34,128,8,alternating,p04,8,61677327167,19,0,226093,26
irregular-n12-t128-b00008-falternating,irregular-n12-t128-b00008-falternating-p05,Standard,12,36,128,8,alternating,p05,9,54553537584,16,0,196231,26
irregular-n12-t128-b00008-falternating,irregular-n12-t128-b00008-falternating-p05,Accelerated,12,36,128,8,alternating,p05,9,61839897375,16,2,229945,36
irregular-n12-t128-b00008-frandom,irregular-n12-t128-b00008-frandom-p01,Accelerated,12,44,128,8,random,p01,8,134900108042,18,3,346371,47
irregular-n12-t128-b00008-frandom,irregular-n12-t128-b00008-frandom-p01,Standard,12,44,128,8,random,p01,8,122692770250,16,0,326835,26
irregular-n12-t128-b00008-frandom,irregular-n12-t128-b00008-frandom-p02,Standard,12,38,128,8,random,p02,8,86855095666,15,0,281823,25
irregular-n12-t128-b00008-frandom,irregular-n12-t128-b00008-frandom-p02,Accelerated,12,38,128,8,random,p02,8,89730819625,14,1,280227,36
irregular-n12-t128-b00008-frandom,irregular-n12-t128-b00008-frandom-p03,Accelerated,12,35,128,8,random,p03,8,76733166333,16,2,261711,35
irregular-n12-t128-b00008-frandom,irregular-n12-t128-b00008-frandom-p03,Standard,12,35,128,8,random,p03,8,78327056333,16,0,267885,25
irregular-n12-t128-b00008-frandom,irregular-n12-t128-b00008-frandom-p04,Standard,12,34,128,8,random,p04,8,109374227708,19,0,392049,26
irregular-n12-t128-b00008-frandom,irregular-n12-t128-b00008-frandom-p04,Accelerated,12,34,128,8,random,p04,8,68695843958,16,2,251597,38
irregular-n12-t128-b00008-frandom,irregular-n12-t128-b00008-frandom-p05,Accelerated,12,36,128,8,random,p05,9,106112214500,15,2,395513,32
irregular-n12-t128-b00008-frandom,irregular-n12-t128-b00008-frandom-p05,Standard,12,36,128,8,random,p05,9,95405509417,15,0,331432,26
irregular-n12-t128-b00064-falternating,irregular-n12-t128-b00064-falternating-p01,Standard,12,44,128,64,alternating,p01,64,60252349000,15,0,163133,138
irregular-n12-t128-b00064-falternating,irregular-n12-t128-b00064-falternating-p01,Accelerated,12,44,128,64,alternating,p01,64,57295147750,14,1,160515,205
irregular-n12-t128-b00064-falternating,irregular-n12-t128-b00064-falternating-p02,Accelerated,12,38,128,64,alternating,p02,64,68284285167,20,4,206518,269
irregular-n12-t128-b00064-falternating,irregular-n12-t128-b00064-falternating-p02,Standard,12,38,128,64,alternating,p02,64,73460803083,20,0,228814,138
irregular-n12-t128-b00064-falternating,irregular-n12-t128-b00064-falternating-p03,Standard,12,35,128,64,alternating,p03,64,45760975959,15,0,150355,138
irregular-n12-t128-b00064-falternating,irregular-n12-t128-b00064-falternating-p03,Accelerated,12,35,128,64,alternating,p03,64,41439984709,14,1,142585,204
irregular-n12-t128-b00064-falternating,irregular-n12-t128-b00064-falternating-p04,Accelerated,12,34,128,64,alternating,p04,64,69115270459,22,5,241346,268
irregular-n12-t128-b00064-falternating,irregular-n12-t128-b00064-falternating-p04,Standard,12,34,128,64,alternating,p04,64,52601842333,18,0,191166,137
irregular-n12-t128-b00064-falternating,irregular-n12-t128-b00064-falternating-p05,Standard,12,36,128,64,alternating,p05,64,54120379500,17,0,198849,138
irregular-n12-t128-b00064-falternating,irregular-n12-t128-b00064-falternating-p05,Accelerated,12,36,128,64,alternating,p05,64,66124321708,18,3,235181,204
irregular-n12-t128-b00064-frandom,irregular-n12-t128-b00064-frandom-p01,Accelerated,12,44,128,64,random,p01,64,98421668250,11,0,303950,138
irregular-n12-t128-b00064-frandom,irregular-n12-t128-b00064-frandom-p01,Standard,12,44,128,64,random,p01,64,103289325417,15,0,315628,138
irregular-n12-t128-b00064-frandom,irregular-n12-t128-b00064-frandom-p02,Standard,12,38,128,64,random,p02,64,112671274875,17,0,359576,137
irregular-n12-t128-b00064-frandom,irregular-n12-t128-b00064-frandom-p02,Accelerated,12,38,128,64,random,p02,64,126978976291,18,3,435733,204
irregular-n12-t128-b00064-frandom,irregular-n12-t128-b00064-frandom-p03,Accelerated,12,35,128,64,random,p03,64,74739440250,14,1,258519,204
irregular-n12-t128-b00064-frandom,irregular-n12-t128-b00064-frandom-p03,Standard,12,35,128,64,random,p03,64,96229826000,17,0,331742,137
irregular-n12-t128-b00064-frandom,irregular-n12-t128-b00064-frandom-p04,Standard,12,34,128,64,random,p04,64,74962315083,17,0,267975,138
irregular-n12-t128-b00064-frandom,irregular-n12-t128-b00064-frandom-p04,Accelerated,12,34,128,64,random,p04,64,80898202584,18,3,281475,204
irregular-n12-t128-b00064-frandom,irregular-n12-t128-b00064-frandom-p05,Accelerated,12,36,128,64,random,p05,64,107317494917,12,1,387207,198
irregular-n12-t128-b00064-frandom,irregular-n12-t128-b00064-frandom-p05,Standard,12,36,128,64,random,p05,64,92467954125,14,0,323440,138
irregular-n16-t064-b00001-falternating,irregular-n16-t064-b00001-falternating-p01,Standard,16,47,64,1,alternating,p01,2,380640140041,20,0,694295,20
irregular-n16-t064-b00001-falternating,irregular-n16-t064-b00001-falternating-p01,Accelerated,16,47,64,1,alternating,p01,2,301725330834,20,4,552489,20
irregular-n16-t064-b00001-falternating,irregular-n16-t064-b00001-falternating-p02,Accelerated,16,47,64,1,alternating,p02,2,403741173584,18,3,744682,20
irregular-n16-t064-b00001-falternating,irregular-n16-t064-b00001-falternating-p02,Standard,16,47,64,1,alternating,p02,2,342498574375,17,0,639656,20
irregular-n16-t064-b00001-falternating,irregular-n16-t064-b00001-falternating-p03,Standard,16,46,64,1,alternating,p03,2,441827152167,19,0,799147,20
irregular-n16-t064-b00001-falternating,irregular-n16-t064-b00001-falternating-p03,Accelerated,16,46,64,1,alternating,p03,2,445300438209,18,3,798874,20
irregular-n16-t064-b00001-falternating,irregular-n16-t064-b00001-falternating-p04,Accelerated,16,51,64,1,alternating,p04,2,533992644333,18,3,876424,20
irregular-n16-t064-b00001-falternating,irregular-n16-t064-b00001-falternating-p04,Standard,16,51,64,1,alternating,p04,2,428846131541,18,0,735274,20
irregular-n16-t064-b00001-falternating,irregular-n16-t064-b00001-falternating-p05,Standard,16,49,64,1,alternating,p05,2,288565522167,14,0,539401,20
irregular-n16-t064-b00001-falternating,irregular-n16-t064-b00001-falternating-p05,Accelerated,16,49,64,1,alternating,p05,2,307199695291,14,1,547903,20
irregular-n16-t064-b00001-frandom,irregular-n16-t064-b00001-frandom-p01,Accelerated,16,47,64,1,random,p01,2,621206168166,13,1,1210760,20
irregular-n16-t064-b00001-frandom,irregular-n16-t064-b00001-frandom-p01,Standard,16,47,64,1,random,p01,2,532846142375,16,0,1003295,20
irregular-n16-t064-b00001-frandom,irregular-n16-t064-b00001-frandom-p02,Standard,16,47,64,1,random,p02,2,668171334667,17,0,1312721,20
irregular-n16-t064-b00001-frandom,irregular-n16-t064-b00001-frandom-p02,Accelerated,16,47,64,1,random,p02,2,871764994083,15,2,1777196,20
irregular-n16-t064-b00001-frandom,irregular-n16-t064-b00001-frandom-p03,Accelerated,16,46,64,1,random,p03,2,597638278542,19,4,1236194,23
irregular-n16-t064-b00001-frandom,irregular-n16-t064-b00001-frandom-p03,Standard,16,46,64,1,random,p03,2,612679183084,20,0,1230265,20
irregular-n16-t064-b00001-frandom,irregular-n16-t064-b00001-frandom-p04,Standard,16,51,64,1,random,p04,2,657834231500,17,0,1021085,20
irregular-n16-t064-b00001-frandom,irregular-n16-t064-b00001-frandom-p04,Accelerated,16,51,64,1,random,p04,2,781424791208,16,2,1225741,20
irregular-n16-t064-b00001-frandom,irregular-n16-t064-b00001-frandom-p05,Accelerated,16,49,64,1,random,p05,2,263629090459,12,1,546293,20
irregular-n16-t064-b00001-frandom,irregular-n16-t064-b00001-frandom-p05,Standard,16,49,64,1,random,p05,2,607910619042,15,0,1045736,20
irregular-n16-t064-b00008-falternating,irregular-n16-t064-b00008-falternating-p01,Standard,16,47,64,8,alternating,p01,8,388799465958,19,0,694022,27
irregular-n16-t064-b00008-falternating,irregular-n16-t064-b00008-falternating-p01,Accelerated,16,47,64,8,alternating,p01,8,467686182875,22,5,836647,45
irregular-n16-t064-b00008-falternating,irregular-n16-t064-b00008-falternating-p02,Accelerated,16,47,64,8,alternating,p02,9,412287136750,20,4,769034,44
irregular-n16-t064-b00008-falternating,irregular-n16-t064-b00008-falternating-p02,Standard,16,47,64,8,alternating,p02,9,365521724166,18,0,651832,26
irregular-n16-t064-b00008-falternating,irregular-n16-t064-b00008-falternating-p03,Standard,16,46,64,8,alternating,p03,8,466325800500,20,0,818559,27
irregular-n16-t064-b00008-falternating,irregular-n16-t064-b00008-falternating-p03,Accelerated,16,46,64,8,alternating,p03,8,479176441542,22,5,838244,45
irregular-n16-t064-b00008-falternating,irregular-n16-t064-b00008-falternating-p04,Accelerated,16,51,64,8,alternating,p04,8,580450874583,24,6,944366,45
irregular-n16-t064-b00008-falternating,irregular-n16-t064-b00008-falternating-p04,Standard,16,51,64,8,alternating,p04,8,465290996625,20,0,768972,27
irregular-n16-t064-b00008-falternating,irregular-n16-t064-b00008-falternating-p05,Standard,16,49,64,8,alternating,p05,8,411804800708,17,0,699475,27
irregular-n16-t064-b00008-falternating,irregular-n16-t064-b00008-falternating-p05,Accelerated,16,49,64,8,alternating,p05,8,468454482083,18,3,826695,36
irregular-n16-t064-b00008-frandom,irregular-n16-t064-b00008-frandom-p01,Accelerated,16,47,64,8,random,p01,8,673125706500,20,4,1423125,37
irregular-n16-t064-b00008-frandom,irregular-n16-t064-b00008-frandom-p01,Standard,16,47,64,8,random,p01,8,605210360750,18,0,1162190,27
irregular-n16-t064-b00008-frandom,irregular-n16-t064-b00008-frandom-p02,Standard,16,47,64,8,random,p02,8,552095330333,16,0,1134917,27
irregular-n16-t064-b00008-frandom,irregular-n16-t064-b00008-frandom-p02,Accelerated,16,47,64,8,random,p02,8,617198631292,17,3,1372435,35
irregular-n16-t064-b00008-frandom,irregular-n16-t064-b00008-frandom-p03,Accelerated,16,46,64,8,random,p03,8,990189486667,20,4,1902971,39
irregular-n16-t064-b00008-frandom,irregular-n16-t064-b00008-frandom-p03,Standard,16,46,64,8,random,p03,8,739857673417,20,0,1393285,27
irregular-n16-t064-b00008-frandom,irregular-n16-t064-b00008-frandom-p04,Standard,16,51,64,8,random,p04,8,740462614792,17,0,1255510,27
irregular-n16-t064-b00008-frandom,irregular-n16-t064-b00008-frandom-p04,Accelerated,16,51,64,8,random,p04,8,822453656125,18,3,1534773,36
irregular-n16-t064-b00008-frandom,irregular-n16-t064-b00008-frandom-p05,Accelerated,16,49,64,8,random,p05,8,712517440417,16,2,1440903,38
irregular-n16-t064-b00008-frandom,irregular-n16-t064-b00008-frandom-p05,Standard,16,49,64,8,random,p05,8,635527548542,16,0,1189827,26
irregular-n16-t064-b00064-falternating,irregular-n16-t064-b00064-falternating-p01,Standard,16,47,64,64,alternating,p01,64,401766893458,20,0,713856,138
irregular-n16-t064-b00064-falternating,irregular-n16-t064-b00064-falternating-p01,Accelerated,16,47,64,64,alternating,p01,64,349576291917,22,5,615963,268
irregular-n16-t064-b00064-falternating,irregular-n16-t064-b00064-falternating-p02,Accelerated,16,47,64,64,alternating,p02,64,408931878000,20,4,769034,268
irregular-n16-t064-b00064-falternating,irregular-n16-t064-b00064-falternating-p02,Standard,16,47,64,64,alternating,p02,64,373033130000,18,0,651832,138
irregular-n16-t064-b00064-falternating,irregular-n16-t064-b00064-falternating-p03,Standard,16,46,64,64,alternating,p03,64,487210352167,22,0,850147,139
irregular-n16-t064-b00064-falternating,irregular-n16-t064-b00064-falternating-p03,Accelerated,16,46,64,64,alternating,p03,64,515919916208,26,7,901420,270
irregular-n16-t064-b00064-falternating,irregular-n16-t064-b00064-falternating-p04,Accelerated,16,51,64,64,alternating,p04,64,534327707292,20,4,900776,270
irregular-n16-t064-b00064-falternating,irregular-n16-t064-b00064-falternating-p04,Standard,16,51,64,64,alternating,p04,64,458347381834,18,0,747177,138
irregular-n16-t064-b00064-falternating,irregular-n16-t064-b00064-falternating-p05,Standard,16,49,64,64,alternating,p05,64,336033265417,18,0,584704,139
irregular-n16-t064-b00064-falternating,irregular-n16-t064-b00064-falternating-p05,Accelerated,16,49,64,64,alternating,p05,64,342927142541,20,4,597153,204
irregular-n16-t064-b00064-frandom,irregular-n16-t064-b00064-frandom-p01,Accelerated,16,47,64,64,random,p01,64,498162953000,18,3,901801,207
irregular-n16-t064-b00064-frandom,irregular-n16-t064-b00064-frandom-p01,Standard,16,47,64,64,random,p01,64,491840182000,18,0,905384,138
irregular-n16-t064-b00064-frandom,irregular-n16-t064-b00064-frandom-p02,Standard,16,47,64,64,random,p02,64,508669519250,16,0,917233,138
irregular-n16-t064-b00064-frandom,irregular-n16-t064-b00064-frandom-p02,Accelerated,16,47,64,64,random,p02,64,533209054375,14,1,893543,206
irregular-n16-t064-b00064-frandom,irregular-n16-t064-b00064-frandom-p03,Accelerated,16,46,64,64,random,p03,64,801783020500,17,3,1381717,207
irregular-n16-t064-b00064-frandom,irregular-n16-t064-b00064-frandom-p03,Standard,16,46,64,64,random,p03,64,617908076500,16,0,1130184,138
irregular-n16-t064-b00064-frandom,irregular-n16-t064-b00064-frandom-p04,Standard,16,51,64,64,random,p04,64,547673864959,15,0,954725,139
irregular-n16-t064-b00064-frandom,irregular-n16-t064-b00064-frandom-p04,Accelerated,16,51,64,64,random,p04,64,566897774042,14,1,933203,207
irregular-n16-t064-b00064-frandom,irregular-n16-t064-b00064-frandom-p05,Accelerated,16,49,64,64,random,p05,64,979486675875,22,5,1524161,343
irregular-n16-t064-b00064-frandom,irregular-n16-t064-b00064-frandom-p05,Standard,16,49,64,64,random,p05,64,964375465292,19,0,1482532,139
irregular-n16-t128-b00001-falternating,irregular-n16-t128-b00001-falternating-p01,Standard,16,76,128,1,alternating,p01,2,681479580208,15,0,819906,20
irregular-n16-t128-b00001-falternating,irregular-n16-t128-b00001-falternating-p01,Accelerated,16,76,128,1,alternating,p01,2,663178261833,14,1,787834,21
irregular-n16-t128-b00001-falternating,irregular-n16-t128-b00001-falternating-p02,Accelerated,16,82,128,1,alternating,p02,2,728999299000,12,0,823317,20
irregular-n16-t128-b00001-falternating,irregular-n16-t128-b00001-falternating-p02,Standard,16,82,128,1,alternating,p02,2,1001457977667,15,0,1097483,20
irregular-n16-t128-b00001-falternating,irregular-n16-t128-b00001-falternating-p03,Standard,16,71,128,1,alternating,p03,2,617505555250,15,0,772196,20
irregular-n16-t128-b00001-falternating,irregular-n16-t128-b00001-falternating-p03,Accelerated,16,71,128,1,alternating,p03,2,607626614667,14,1,742234,21
irregular-n16-t128-b00001-falternating,irregular-n16-t128-b00001-falternating-p04,Accelerated,16,78,128,1,alternating,p04,2,708458228042,14,1,788635,21
irregular-n16-t128-b00001-falternating,irregular-n16-t128-b00001-falternating-p04,Standard,16,78,128,1,alternating,p04,2,727689981625,15,0,821551,20
irregular-n16-t128-b00001-falternating,irregular-n16-t128-b00001-falternating-p05,Standard,16,75,128,1,alternating,p05,2,646705745542,14,0,800513,20
irregular-n16-t128-b00001-falternating,irregular-n16-t128-b00001-falternating-p05,Accelerated,16,75,128,1,alternating,p05,2,643554327708,14,1,781039,21
irregular-n16-t128-b00001-frandom,irregular-n16-t128-b00001-frandom-p01,Accelerated,16,76,128,1,random,p01,2,1172181657958,18,3,1426663,32
irregular-n16-t128-b00001-frandom,irregular-n16-t128-b00001-frandom-p01,Standard,16,76,128,1,random,p01,2,2023333304750,20,0,2181661,20
irregular-n16-t128-b00001-frandom,irregular-n16-t128-b00001-frandom-p02,Standard,16,82,128,1,random,p02,2,1353620118250,14,0,1514669,20
irregular-n16-t128-b00001-frandom,irregular-n16-t128-b00001-frandom-p02,Accelerated,16,82,128,1,random,p02,2,1390352726792,10,0,1475904,20
irregular-n16-t128-b00001-frandom,irregular-n16-t128-b00001-frandom-p03,Accelerated,16,71,128,1,random,p03,2,1389700823542,13,1,1822647,20
irregular-n16-t128-b00001-frandom,irregular-n16-t128-b00001-frandom-p03,Standard,16,71,128,1,random,p03,2,1180386712500,16,0,1512496,20
irregular-n16-t128-b00001-frandom,irregular-n16-t128-b00001-frandom-p04,Standard,16,78,128,1,random,p04,2,1997627018542,17,0,2036782,20
irregular-n16-t128-b00001-frandom,irregular-n16-t128-b00001-frandom-p04,Accelerated,16,78,128,1,random,p04,2,651651582000,9,0,863880,20
irregular-n16-t128-b00001-frandom,irregular-n16-t128-b00001-frandom-p05,Accelerated,16,75,128,1,random,p05,2,1153173975208,11,0,1351331,20
irregular-n16-t128-b00001-frandom,irregular-n16-t128-b00001-frandom-p05,Standard,16,75,128,1,random,p05,2,1103796028667,13,0,1386837,20
irregular-n16-t128-b00008-falternating,irregular-n16-t128-b00008-falternating-p01,Standard,16,76,128,8,alternating,p01,9,977702261750,18,0,1062224,28
irregular-n16-t128-b00008-falternating,irregular-n16-t128-b00008-falternating-p01,Accelerated,16,76,128,8,alternating,p01,9,1130355086167,20,4,1272470,38
irregular-n16-t128-b00008-falternating,irregular-n16-t128-b00008-falternating-p02,Accelerated,16,82,128,8,alternating,p02,8,761053301541,12,0,823317,28
irregular-n16-t128-b00008-falternating,irregular-n16-t128-b00008-falternating-p02,Standard,16,82,128,8,alternating,p02,8,791219784916,14,0,870097,28
irregular-n16-t128-b00008-falternating,irregular-n16-t128-b00008-falternating-p03,Standard,16,71,128,8,alternating,p03,8,839672154625,16,0,969079,28
irregular-n16-t128-b00008-falternating,irregular-n16-t128-b00008-falternating-p03,Accelerated,16,71,128,8,alternating,p03,8,1002038441959,16,2,1136000,40
irregular-n16-t128-b00008-falternating,irregular-n16-t128-b00008-falternating-p04,Accelerated,16,78,128,8,alternating,p04,8,1232183505250,20,4,1273805,40
irregular-n16-t128-b00008-falternating,irregular-n16-t128-b00008-falternating-p04,Standard,16,78,128,8,alternating,p04,8,1010720372666,17,0,1051960,28
irregular-n16-t128-b00008-falternating,irregular-n16-t128-b00008-falternating-p05,Standard,16,75,128,8,alternating,p05,8,887226826125,15,0,1008643,28
irregular-n16-t128-b00008-falternating,irregular-n16-t128-b00008-falternating-p05,Accelerated,16,75,128,8,alternating,p05,8,990223734000,14,1,1172947,36
irregular-n16-t128-b00008-frandom,irregular-n16-t128-b00008-frandom-p01,Accelerated,16,76,128,8,random,p01,8,1202040080375,12,0,1373091,28
irregular-n16-t128-b00008-frandom,irregular-n16-t128-b00008-frandom-p01,Standard,16,76,128,8,random,p01,8,1165378323333,14,0,1409019,28
irregular-n16-t128-b00008-frandom,irregular-n16-t128-b00008-frandom-p02,Standard,16,82,128,8,random,p02,8,2047301003292,18,0,1978149,28
irregular-n16-t128-b00008-frandom,irregular-n16-t128-b00008-frandom-p02,Accelerated,16,82,128,8,random,p02,8,1499804076500,18,3,1489319,41
irregular-n16-t128-b00008-frandom,irregular-n16-t128-b00008-frandom-p03,Accelerated,16,71,128,8,random,p03,8,1163724956625,18,3,1351753,41
irregular-n16-t128-b00008-frandom,irregular-n16-t128-b00008-frandom-p03,Standard,16,71,128,8,random,p03,8,1471326424375,17,0,1715284,28
irregular-n16-t128-b00008-frandom,irregular-n16-t128-b00008-frandom-p04,Standard,16,78,128,8,random,p04,8,2650075600542,17,0,2340180,28
irregular-n16-t128-b00008-frandom,irregular-n16-t128-b00008-frandom-p04,Accelerated,16,78,128,8,random,p04,8,980526912875,14,2,1038833,41
irregular-n16-t128-b00008-frandom,irregular-n16-t128-b00008-frandom-p05,Accelerated,16,75,128,8,random,p05,9,2901955199625,26,7,3098803,50
irregular-n16-t128-b00008-frandom,irregular-n16-t128-b00008-frandom-p05,Standard,16,75,128,8,random,p05,9,2160800893833,20,0,2258645,28
irregular-n16-t128-b00064-falternating,irregular-n16-t128-b00064-falternating-p01,Standard,16,76,128,64,alternating,p01,64,744970953209,16,0,832082,140
irregular-n16-t128-b00064-falternating,irregular-n16-t128-b00064-falternating-p01,Accelerated,16,76,128,64,alternating,p01,64,726897158292,16,2,812186,272
irregular-n16-t128-b00064-falternating,irregular-n16-t128-b00064-falternating-p02,Accelerated,16,82,128,64,alternating,p02,64,788341252125,14,1,847669,206
irregular-n16-t128-b00064-falternating,irregular-n16-t128-b00064-falternating-p02,Standard,16,82,128,64,alternating,p02,64,1049880679541,16,0,1109659,140
irregular-n16-t128-b00064-falternating,irregular-n16-t128-b00064-falternating-p03,Standard,16,71,128,64,alternating,p03,64,660398057083,15,0,772196,139
irregular-n16-t128-b00064-falternating,irregular-n16-t128-b00064-falternating-p03,Accelerated,16,71,128,64,alternating,p03,64,638949297250,14,1,742234,207
irregular-n16-t128-b00064-falternating,irregular-n16-t128-b00064-falternating-p04,Accelerated,16,78,128,64,alternating,p04,64,748437028875,16,2,789181,206
irregular-n16-t128-b00064-falternating,irregular-n16-t128-b00064-falternating-p04,Standard,16,78,128,64,alternating,p04,64,778990946708,16,0,821824,140
irregular-n16-t128-b00064-falternating,irregular-n16-t128-b00064-falternating-p05,Standard,16,75,128,64,alternating,p05,64,706156829125,15,0,812689,140
irregular-n16-t128-b00064-falternating,irregular-n16-t128-b00064-falternating-p05,Accelerated,16,75,128,64,alternating,p05,64,677391071000,14,1,781039,206
irregular-n16-t128-b00064-frandom,irregular-n16-t128-b00064-frandom-p01,Accelerated,16,76,128,64,random,p01,64,1224985757541,12,0,1373091,140
irregular-n16-t128-b00064-frandom,irregular-n16-t128-b00064-frandom-p01,Standard,16,76,128,64,random,p01,64,1174683338792,13,0,1376947,140
irregular-n16-t128-b00064-frandom,irregular-n16-t128-b00064-frandom-p02,Standard,16,82,128,64,random,p02,64,1200149660708,14,0,1518975,140
irregular-n16-t128-b00064-frandom,irregular-n16-t128-b00064-frandom-p02,Accelerated,16,82,128,64,random,p02,64,1322886299792,14,1,1549723,208
irregular-n16-t128-b00064-frandom,irregular-n16-t128-b00064-frandom-p03,Accelerated,16,71,128,64,random,p03,64,2229921159084,19,4,2855871,207
irregular-n16-t128-b00064-frandom,irregular-n16-t128-b00064-frandom-p03,Standard,16,71,128,64,random,p03,64,1754657495292,17,0,2101611,140
irregular-n16-t128-b00064-frandom,irregular-n16-t128-b00064-frandom-p04,Standard,16,78,128,64,random,p04,64,1756993349458,16,0,1874949,141
irregular-n16-t128-b00064-frandom,irregular-n16-t128-b00064-frandom-p04,Accelerated,16,78,128,64,random,p04,64,1887652434292,17,3,2271311,208
irregular-n16-t128-b00064-frandom,irregular-n16-t128-b00064-frandom-p05,Accelerated,16,75,128,64,random,p05,64,1482483759542,20,4,1490045,208
irregular-n16-t128-b00064-frandom,irregular-n16-t128-b00064-frandom-p05,Standard,16,75,128,64,random,p05,64,1337641262875,18,0,1458122,139
