cell,n,tau,b,capacity_mode,seeds,active_seeds,coverage_N,coverage_D
irregular-n06-t064-b00001-falternating,6,64,1,alternating,20,8,8,20
irregular-n06-t064-b00001-frandom,6,64,1,random,20,4,4,20
irregular-n06-t064-b00008-falternating,6,64,8,alternating,20,11,11,20
irregular-n06-t064-b00008-frandom,6,64,8,random,20,11,11,20
irregular-n06-t064-b00064-falternating,6,64,64,alternating,20,8,8,20
irregular-n06-t064-b00064-frandom,6,64,64,random,20,10,10,20
irregular-n06-t128-b00001-falternating,6,128,1,alternating,20,7,7,20
irregular-n06-t128-b00001-frandom,6,128,1,random,20,7,7,20
irregular-n06-t128-b00008-falternating,6,128,8,alternating,20,12,12,20
irregular-n06-t128-b00008-frandom,6,128,8,random,20,9,9,20
irregular-n06-t128-b00064-falternating,6,128,64,alternating,20,16,16,20
irregular-n06-t128-b00064-frandom,6,128,64,random,20,11,11,20
irregular-n08-t064-b00001-falternating,8,64,1,alternating,20,17,17,20
irregular-n08-t064-b00001-frandom,8,64,1,random,20,12,12,20
irregular-n08-t064-b00008-falternating,8,64,8,alternating,20,14,14,20
irregular-n08-t064-b00008-frandom,8,64,8,random,20,18,18,20
irregular-n08-t064-b00064-falternating,8,64,64,alternating,20,17,17,20
irregular-n08-t064-b00064-frandom,8,64,64,random,20,16,16,20
irregular-n08-t128-b00001-falternating,8,128,1,alternating,20,12,12,20
irregular-n08-t128-b00001-frandom,8,128,1,random,20,13,13,20
irregular-n08-t128-b00008-falternating,8,128,8,alternating,20,19,19,20
irregular-n08-t128-b00008-frandom,8,128,8,random,20,17,17,20
irregular-n08-t128-b00064-falternating,8,128,64,alternating,20,12,12,20
irregular-n08-t128-b00064-frandom,8,128,64,random,20,15,15,20
irregular-n12-t064-b00001-falternating,12,64,1,alternating,20,19,19,20
irregular-n12-t064-b00001-frandom,12,64,1,random,20,16,16,20
irregular-n12-t064-b00008-falternating,12,64,8,alternating,20,20,20,20
irregular-n12-t064-b00008-frandom,12,64,8,random,20,16,16,20
irregular-n12-t064-b00064-falternating,12,64,64,alternating,20,20,20,20
irregular-n12-t064-b00064-frandom,12,64,64,random,20,19,19,20
irregular-n12-t128-b00001-falternating,12,128,1,alternating,20,17,17,20
irregular-n12-t128-b00001-frandom,12,128,1,random,20,15,15,20
irregular-n12-t128-b00008-falternating,12,128,8,alternating,20,19,19,20
irregular-n12-t128-b00008-frandom,12,128,8,random,20,17,17,20
irregular-n12-t128-b00064-falternating,12,128,64,alternating,20,20,20,20
irregular-n12-t128-b00064-frandom,12,128,64,random,20,15,15,20
